language	iso_code	gloss	global_id	local_id	transcription	cognate_class	tokens
Gongxing		I	1209	1209	ŋa₄₂	7	ŋ a ⁴²
Jinman		I	1209	1209	õ₄₂	7	õ ⁴²
Mazhelong		I	1209	1209	ŋo₄₂	7	ŋ o ⁴²
Dashi		I	1209	1209	ŋõ₃₁	7	ŋ õ ³¹
Zhoucheng		I	1209	1209	ŋo₃₁	7	ŋ o ³¹
Jinxing		I	1209	1209	wõ₃₁	7	w õ ³¹
Tuolo		I	1209	1209	ŋɔ₂₁	7	ŋ ɔ ²¹
Enqi		I	1209	1209	ɴo₄₃	7	ɴ o ⁴³
Ega		I	1209	1209	ŋo₄₂	7	ŋ o ⁴²
Gongxing		all	98	98	ʦʰæ₂₂ja₄₂	1	tsʰ æ ²² j a ⁴²
Jinman		all	98	98	da₄₂t͡ʂɚ₂₂	202	d a ⁴² ʈʂ ə˞ ²²
Mazhelong		all	98	98	so₂₁ji₂₁	233	s o ²¹ j i ²¹
Dashi		all	98	98	ʨwan₄₂pu₅₅	259	tɕ w a n ⁴² p u ⁵⁵
Zhoucheng		all	98	98	ji₃₁su₃₃	244	j i ³¹ s u ³³
Jinxing		all	98	98	ʦa₃₅kɑ₂₁ʦi₃₃	2	ts a ³⁵ k ɑ ²¹ ts i ³³
Tuolo		all	98	98	ʨʰa₅₅	33	tɕʰ a ⁵⁵
Enqi		all	98	98	ʨa₂₄ʁo₂₁ʦi₂₂	3	tɕ a ²⁴ ʁ o ²¹ ts i ²²
Ega		all	98	98	da₅₅ŋwa₂₂	201	d a ⁵⁵ ŋ w a ²²
Gongxing		ashes	646	646	xwɛ₂₂ɕy₅₅ʁwa₁₂	58	x w ɛ ²² ɕ y ⁵⁵ ʁ w a ¹²
Jinman		ashes	646	646	kʰwa₅₅la₂₁ɕu₅₅	88	kʰ w a ⁵⁵ l a ²¹ ɕ u ⁵⁵
Mazhelong		ashes	646	646	xwa₃₁la₄₄su₅₅	59	x w a ³¹ l a ⁴⁴ s u ⁵⁵
Zhoucheng		ashes	646	646	su₅₅	67	s u ⁵⁵
Jinxing		ashes	646	646	su₅₅	67	s u ⁵⁵
Tuolo		ashes	646	646	ʂɤ₅₅	67	ʂ ɤ ⁵⁵
Enqi		ashes	646	646	xwi₂₂ɕu₂₄	57	x w i ²² ɕ u ²⁴
Ega		ashes	646	646	xwa₅₅lo₂₁ɕu₅₅	59	x w a ⁵⁵ l o ²¹ ɕ u ⁵⁵
Gongxing		bark	1204	1204	d͡ʐi₁₂bi₂₁	109	ɖʐ i ¹² b i ²¹
Mazhelong		bark	1204	1204	ɕen₅₅pe₂₁	131	ɕ e n ⁵⁵ p e ²¹
Dashi		bark	1204	1204	t͡ʂɯ₂₁pe₂₁	109	ʈʂ ɯ ²¹ p e ²¹
Zhoucheng		bark	1204	1204	ʦɯ₃₁pe₂₁	109	ts ɯ ³¹ p e ²¹
Jinxing		bark	1204	1204	ʦɯ₃₁pe₂₁	109	ts ɯ ³¹ p e ²¹
Tuolo		bark	1204	1204	djɯ₂₁bi₃₅	109	d j ɯ ²¹ b i ³⁵
Enqi		bark	1204	1204	djɯ₄₃pi₂₁	109	d j ɯ ⁴³ p i ²¹
Ega		bark	1204	1204	ʥi₄₂ʨyj₂₁qa₅₅	110	dʑ i ⁴² tɕ y j ²¹ q a ⁵⁵
Gongxing		belly	1251	1251	ʐi₂₁	147	ʐ i ²¹
Jinman		belly	1251	1251	ʐɚ₄₂	147	ʐ ə˞ ⁴²
Mazhelong		belly	1251	1251	pɯ₄₄	160	p ɯ ⁴⁴
Dashi		belly	1251	1251	fo₄₄	160	f o ⁴⁴
Zhoucheng		belly	1251	1251	fɤ₄₄	160	f ɤ ⁴⁴
Jinxing		belly	1251	1251	fɤ₄₄	160	f ɤ ⁴⁴
Tuolo		belly	1251	1251	fɚ₄₂	160	f ə˞ ⁴²
Enqi		belly	1251	1251	fo₂₄	160	f o ²⁴
Ega		belly	1251	1251	xu₄₄qʰo₂₂	171	x u ⁴⁴ qʰ o ²²
Gongxing		big	1202	1202	da₄₂	191	d a ⁴²
Jinman		big	1202	1202	do₄₂	191	d o ⁴²
Mazhelong		big	1202	1202	do₄₂	191	d o ⁴²
Dashi		big	1202	1202	tow₄₂	191	t o w ⁴²
Zhoucheng		big	1202	1202	to₄₂	191	t o ⁴²
Jinxing		big	1202	1202	tow₄₂	191	t o w ⁴²
Tuolo		big	1202	1202	dɔ₂₁	191	d ɔ ²¹
Enqi		big	1202	1202	da₄₃	191	d a ⁴³
Ega		big	1202	1202	do₄₂	191	d o ⁴²
Gongxing		bird	937	937	ʦu₂₄	203	ts u ²⁴
Jinman		bird	937	937	ʦo₅₅	203	ts o ⁵⁵
Mazhelong		bird	937	937	ʦo₄₄	203	ts o ⁴⁴
Dashi		bird	937	937	ʦow₃₃	203	ts o w ³³
Zhoucheng		bird	937	937	ʦow₄₄	203	ts o w ⁴⁴
Jinxing		bird	937	937	ʦow₄₄	203	ts o w ⁴⁴
Tuolo		bird	937	937	ʦu₄₂	203	ts u ⁴²
Enqi		bird	937	937	ʦu₅₅	203	ts u ⁵⁵
Ega		bird	937	937	ʦu₄₄	203	ts u ⁴⁴
Gongxing		bite	1403	1403	ŋa₂₄	214	ŋ a ²⁴
Jinman		bite	1403	1403	ŋa₄₄	214	ŋ a ⁴⁴
Mazhelong		bite	1403	1403	ŋɑ₄₄	214	ŋ ɑ ⁴⁴
Dashi		bite	1403	1403	ɣaŋ₄₄	214	ɣ a ŋ ⁴⁴
Zhoucheng		bite	1403	1403	ŋa₄₄	214	ŋ a ⁴⁴
Jinxing		bite	1403	1403	ɑ̃₄₄	214	ɑ̃ ⁴⁴
Tuolo		bite	1403	1403	ŋɔ₄₂	214	ŋ ɔ ⁴²
Enqi		bite	1403	1403	ɴa₅₅	214	ɴ a ⁵⁵
Ega		bite	1403	1403	ŋo₄₄	214	ŋ o ⁴⁴
Gongxing		black	163	163	χe₂₄	215	χ e ²⁴
Jinman		black	163	163	xɯ₅₅	215	x ɯ ⁵⁵
Mazhelong		black	163	163	xɯ₄₄	215	x ɯ ⁴⁴
Dashi		black	163	163	xɯ₄₄	215	x ɯ ⁴⁴
Zhoucheng		black	163	163	xɯ₄₄	215	x ɯ ⁴⁴
Jinxing		black	163	163	xɯ₄₄	215	x ɯ ⁴⁴
Tuolo		black	163	163	xɚ₄₂	215	x ə˞ ⁴²
Enqi		black	163	163	χɯ₅₅	215	χ ɯ ⁵⁵
Ega		black	163	163	xɯ₄₄	215	x ɯ ⁴⁴
Gongxing		blood	946	946	swa₂₄	216	s w a ²⁴
Jinman		blood	946	946	swa₅₅	216	s w a ⁵⁵
Mazhelong		blood	946	946	swa₄₄	216	s w a ⁴⁴
Dashi		blood	946	946	sʰwa₄₄	216	sʰ w a ⁴⁴
Zhoucheng		blood	946	946	swa₄₄	216	s w a ⁴⁴
Jinxing		blood	946	946	swɑ₄₄	216	s w ɑ ⁴⁴
Tuolo		blood	946	946	swɔ₄₂	216	s w ɔ ⁴²
Enqi		blood	946	946	swa₅₅	216	s w a ⁵⁵
Ega		blood	946	946	swa₄₄	216	s w a ⁴⁴
Gongxing		bone	1394	1394	qwa₂₄	217	q w a ²⁴
Jinman		bone	1394	1394	qwa₅₅ʦe₅₅	218	q w a ⁵⁵ ts e ⁵⁵
Mazhelong		bone	1394	1394	kwa₄₄twɤ₄₄	219	k w a ⁴⁴ t w ɤ ⁴⁴
Dashi		bone	1394	1394	kwa₄₄tjǝ₃₃	219	k w a ⁴⁴ t j ə ³³
Zhoucheng		bone	1394	1394	kwa₄₄tɯ₃₃	219	k w a ⁴⁴ t ɯ ³³
Jinxing		bone	1394	1394	kwɑ₄₄tǝ₄₂	219	k w ɑ ⁴⁴ t ə ⁴²
Tuolo		bone	1394	1394	ku₄₂djɯ₃₅ʦɛ₄₂	220	k u ⁴² d j ɯ ³⁵ ts ɛ ⁴²
Enqi		bone	1394	1394	qwa₅₅	217	q w a ⁵⁵
Ega		bone	1394	1394	qwa₄₄	217	q w a ⁴⁴
Gongxing		breast	1402	1402	ba₂₁	221	b a ²¹
Jinman		breast	1402	1402	pa₄₂	221	p a ⁴²
Mazhelong		breast	1402	1402	noŋ₃₃	222	n o ŋ ³³
Dashi		breast	1402	1402	pa₄₂	221	p a ⁴²
Zhoucheng		breast	1402	1402	pa₄₂	221	p a ⁴²
Jinxing		breast	1402	1402	pɑ₄₂	221	p ɑ ⁴²
Tuolo		breast	1402	1402	bo₄₂	221	b o ⁴²
Enqi		breast	1402	1402	pa₂₁	221	p a ²¹
Ega		breast	1402	1402	pa₄₂	221	p a ⁴²
Gongxing		burn	141	141	ɕy₂₂	223	ɕ y ²²
Jinman		burn	141	141	fɤ₅₅ji₅₅	224	f ɤ ⁵⁵ j i ⁵⁵
Mazhelong		burn	141	141	sɤ₅₅	223	s ɤ ⁵⁵
Dashi		burn	141	141	ʂu₅₅	223	ʂ u ⁵⁵
Zhoucheng		burn	141	141	ɲɯ₃₃	227	ɲ ɯ ³³
Jinxing		burn	141	141	jĩ₃₃	227	j ĩ ³³
Tuolo		burn	141	141	jen₃₃	227	j e n ³³
Enqi		burn	141	141	xu₂₄	228	x u ²⁴
Ega		burn	141	141	fi₂₂pɛ₂₂	225	f i ²² p ɛ ²²
Gongxing		burn	141	141	ɕy₅₅	223	ɕ y ⁵⁵
Mazhelong		burn	141	141	fi₃₃kʰǝɯ₅₅	226	f i ³³ kʰ əu ⁵⁵
Zhoucheng		burn	141	141	su₅₅	223	s u ⁵⁵
Gongxing		claw (nail)	2128	2128	t͡ʂi₂₄qa₂₄	229	ʈʂ i ²⁴ q a ²⁴
Jinman		claw (nail)	2128	2128	qa₄₄	230	q a ⁴⁴
Mazhelong		claw (nail)	2128	2128	sǝɯ₃₃kɚ₄₄	231	s əu ³³ k ə˞ ⁴⁴
Dashi		claw (nail)	2128	2128	ʂɯ₃₃ka₄₄	231	ʂ ɯ ³³ k a ⁴⁴
Zhoucheng		claw (nail)	2128	2128	sɯ₃₃ka₄₄	231	s ɯ ³³ k a ⁴⁴
Jinxing		claw (nail)	2128	2128	sɯ₃₃ka₄₄	231	s ɯ ³³ k a ⁴⁴
Tuolo		claw (nail)	2128	2128	ɕɯ₃₃qa₄₂	231	ɕ ɯ ³³ q a ⁴²
Enqi		claw (nail)	2128	2128	tjɯ₂₁qa₂₄	229	t j ɯ ²¹ q a ²⁴
Ega		claw (nail)	2128	2128	ɕi₂₂qa₄₄	231	ɕ i ²² q a ⁴⁴
Gongxing		cloud	1489	1489	ŋɛ₁₂qǝ₅₅	232	ŋ ɛ ¹² q ə ⁵⁵
Jinman		cloud	1489	1489	mɯ₂₁ko₄₂	234	m ɯ ²¹ k o ⁴²
Mazhelong		cloud	1489	1489	ɥen₂₁pe₂₁	236	ɥ e n ²¹ p e ²¹
Dashi		cloud	1489	1489	vɤ̃₂₁nõ₂₁	237	v ɤ̃ ²¹ n õ ²¹
Zhoucheng		cloud	1489	1489	ɤ₂₁	235	ɤ ²¹
Jinxing		cloud	1489	1489	ɤ̃₂₁	235	ɤ̃ ²¹
Tuolo		cloud	1489	1489	ŋɔ₃₅qa₄₂	232	ŋ ɔ ³⁵ q a ⁴²
Enqi		cloud	1489	1489	ʁæ₂₁	235	ʁ æ ²¹
Ega		cloud	1489	1489	mɯ̃₂₁ko₄₂	234	m ɯ̃ ²¹ k o ⁴²
Gongxing		cold	1287	1287	ga₁₂	238	g a ¹²
Jinman		cold	1287	1287	kɯ₅₅	239	k ɯ ⁵⁵
Mazhelong		cold	1287	1287	kɯ₅₅	239	k ɯ ⁵⁵
Dashi		cold	1287	1287	kɯ₃₅	239	k ɯ ³⁵
Zhoucheng		cold	1287	1287	kɯ₃₅	239	k ɯ ³⁵
Jinxing		cold	1287	1287	kɯ₅₅	239	k ɯ ⁵⁵
Tuolo		cold	1287	1287	kɯ₅₅	239	k ɯ ⁵⁵
Enqi		cold	1287	1287	kɯ₂₄	239	k ɯ ²⁴
Ega		cold	1287	1287	kɯ₅₅	239	k ɯ ⁵⁵
Dashi		cold	1287	1287	ka₂₁	239	k a ²¹
Jinxing		cold	1287	1287	kɑ₂₁	238	k ɑ ²¹
Gongxing		come	1446	1446	ji₂₁kǝ₂₂	241	j i ²¹ k ə ²²
Jinman		come	1446	1446	ʨwa₅₅	242	tɕ w a ⁵⁵
Mazhelong		come	1446	1446	ɣǝɯ₂₁	243	ɣ əu ²¹
Dashi		come	1446	1446	ɣǝ₃₅	243	ɣ ə ³⁵
Zhoucheng		come	1446	1446	jɯ₃₅	240	j ɯ ³⁵
Jinxing		come	1446	1446	ɣǝ₃₅	243	ɣ ə ³⁵
Tuolo		come	1446	1446	t͡ʂʰo₄₂	245	ʈʂʰ o ⁴²
Enqi		come	1446	1446	ji₅₅ki₂₄	241	j i ⁵⁵ k i ²⁴
Ega		come	1446	1446	ji₅₅kɯ₂₂	241	j i ⁵⁵ k ɯ ²²
Tuolo		come	1446	1446	jɯ₃₃kɯ₅₅	241	j ɯ ³³ k ɯ ⁵⁵
Gongxing		die	1494	1494	ɕi₂₂	246	ɕ i ²²
Jinman		die	1494	1494	ɕi₂₂	246	ɕ i ²²
Mazhelong		die	1494	1494	ɕi₃₃	246	ɕ i ³³
Dashi		die	1494	1494	ɕi₃₃	246	ɕ i ³³
Zhoucheng		die	1494	1494	ɕi₃₃	246	ɕ i ³³
Jinxing		die	1494	1494	ɕi₃₃	246	ɕ i ³³
Tuolo		die	1494	1494	ɕi₃₃	246	ɕ i ³³
Enqi		die	1494	1494	si₂₂	246	s i ²²
Ega		die	1494	1494	si₂₂	246	s i ²²
Gongxing		dog	2009	2009	qʰwaŋ₂₂	247	qʰ w a ŋ ²²
Jinman		dog	2009	2009	qʰõ₂₂	247	qʰ õ ²²
Mazhelong		dog	2009	2009	kʰwaŋ₃₃	247	kʰ w a ŋ ³³
Dashi		dog	2009	2009	kʰwaŋ₃₃	247	kʰ w a ŋ ³³
Zhoucheng		dog	2009	2009	kʰwa₃₃	247	kʰ w a ³³
Jinxing		dog	2009	2009	kʰwɑ̃₃₃	247	kʰ w ɑ̃ ³³
Tuolo		dog	2009	2009	qʰwaŋ₃₃	247	qʰ w a ŋ ³³
Enqi		dog	2009	2009	qʰwa₂₂	247	qʰ w a ²²
Ega		dog	2009	2009	qʰwa₂₂	247	qʰ w a ²²
Gongxing		drink	1401	1401	ʔoŋ₂₂	248	ʔ o ŋ ²²
Jinman		drink	1401	1401	ɯ̃₂₂	248	ɯ̃ ²²
Mazhelong		drink	1401	1401	oŋ₃₃	248	o ŋ ³³
Dashi		drink	1401	1401	ǝ̃₃₃	248	ə̃ ³³
Zhoucheng		drink	1401	1401	ɯ₃₃	248	ɯ ³³
Jinxing		drink	1401	1401	ǝ̃₃₃	248	ə̃ ³³
Tuolo		drink	1401	1401	ɯ̃₃₃	248	ɯ̃ ³³
Enqi		drink	1401	1401	ɯ₂₂	248	ɯ ²²
Ega		drink	1401	1401	ɯ̃₂₂	248	ɯ̃ ²²
Gongxing		dry	1398	1398	qaŋ₅₅	249	q a ŋ ⁵⁵
Jinman		dry	1398	1398	qã₅₅	249	q ã ⁵⁵
Mazhelong		dry	1398	1398	kaŋ₅₅	249	k a ŋ ⁵⁵
Dashi		dry	1398	1398	kã₃₅	249	k ã ³⁵
Zhoucheng		dry	1398	1398	ka₃₅	249	k a ³⁵
Jinxing		dry	1398	1398	kɑ̃₅₅	249	k ɑ̃ ⁵⁵
Tuolo		dry	1398	1398	qɔŋ₅₅	249	q ɔ ŋ ⁵⁵
Enqi		dry	1398	1398	qa₂₄	249	q a ²⁴
Ega		dry	1398	1398	qo₅₅	249	q o ⁵⁵
Gongxing		ear	1247	1247	jaŋ₂₂kʰwaŋ₂₂	250	j a ŋ ²² kʰ w a ŋ ²²
Jinman		ear	1247	1247	ẽ₄₂ʨwẽ₂₂	252	ẽ ⁴² tɕ w ẽ ²²
Mazhelong		ear	1247	1247	jɛ₃₃kɛ₃₃pjen₂₁	251	j ɛ ³³ k ɛ ³³ p j e n ²¹
Dashi		ear	1247	1247	jen₃₃toŋ₃₁	253	j e n ³³ t o ŋ ³¹
Zhoucheng		ear	1247	1247	ɲow₃₃to₄₂	254	ɲ o w ³³ t o ⁴²
Jinxing		ear	1247	1247	jen₃₃tɯ₃₁kwɑ₅₅	255	j e n ³³ t ɯ ³¹ k w ɑ ⁵⁵
Tuolo		ear	1247	1247	wen₃₃zɥen₃₅	256	w e n ³³ z ɥ e n ³⁵
Enqi		ear	1247	1247	ŋu₂₂ʦu₂₁qʰwa₂₄	258	ŋ u ²² ts u ²¹ qʰ w a ²⁴
Ega		ear	1247	1247	ji₂₂ʨyj₂₁	257	j i ²² tɕ y j ²¹
Gongxing		earth	1228	1228	ʥi₄₂	260	dʑ i ⁴²
Jinman		earth	1228	1228	ʥi₄₂	260	dʑ i ⁴²
Mazhelong		earth	1228	1228	ti₂₁	260	t i ²¹
Dashi		earth	1228	1228	ʨi₃₁	260	tɕ i ³¹
Zhoucheng		earth	1228	1228	ʨi₃₁	260	tɕ i ³¹
Jinxing		earth	1228	1228	ʨi₃₁	260	tɕ i ³¹
Tuolo		earth	1228	1228	ʑi₂₁	260	ʑ i ²¹
Enqi		earth	1228	1228	ʥi₄₃	260	dʑ i ⁴³
Ega		earth	1228	1228	ʨi₄₂pa₂₂	261	tɕ i ⁴² p a ²²
Gongxing		eat	1336	1336	ju₂₄	262	j u ²⁴
Jinman		eat	1336	1336	ji₅₅	262	j i ⁵⁵
Mazhelong		eat	1336	1336	ji₄₄	262	j i ⁴⁴
Dashi		eat	1336	1336	jɯ₄₄	262	j ɯ ⁴⁴
Zhoucheng		eat	1336	1336	jɯ₄₄	262	j ɯ ⁴⁴
Jinxing		eat	1336	1336	jɯ₄₄	262	j ɯ ⁴⁴
Tuolo		eat	1336	1336	ju₄₂	262	j u ⁴²
Enqi		eat	1336	1336	jɯ₅₅	262	j ɯ ⁵⁵
Ega		eat	1336	1336	ji₄₄	262	j i ⁴⁴
Gongxing		egg	744	744	sen₄₂	263	s e n ⁴²
Jinman		egg	744	744	sẽ₄₂	263	s ẽ ⁴²
Mazhelong		egg	744	744	sɛ₄₂	263	s ɛ ⁴²
Dashi		egg	744	744	sen₄₂	263	s e n ⁴²
Zhoucheng		egg	744	744	se₄₂	263	s e ⁴²
Jinxing		egg	744	744	sen₄₂	263	s e n ⁴²
Tuolo		egg	744	744	sen₂₁	263	s e n ²¹
Enqi		egg	744	744	sɛ₄₃	263	s ɛ ⁴³
Ega		egg	744	744	sɛ₄₂	263	s ɛ ⁴²
Gongxing		eye	1248	1248	wen₂₂	264	w e n ²²
Jinman		eye	1248	1248	mi₂₂	264	m i ²²
Mazhelong		eye	1248	1248	ŋwɛ₃₃	264	ŋ w ɛ ³³
Dashi		eye	1248	1248	wẽ₃₃	264	w ẽ ³³
Zhoucheng		eye	1248	1248	we₃₃	264	w e ³³
Jinxing		eye	1248	1248	wẽ₃₃	264	w ẽ ³³
Tuolo		eye	1248	1248	wen₃₃	264	w e n ³³
Enqi		eye	1248	1248	ŋwi₂₂	264	ŋ w i ²²
Ega		eye	1248	1248	ŋwi₂₂	264	ŋ w i ²²
Gongxing		far	1406	1406	tɥen₂₂	200	t ɥ e n ²²
Jinman		far	1406	1406	tyj₂₂	200	t y j ²²
Mazhelong		far	1406	1406	ʦwen₃₃	200	ts w e n ³³
Dashi		far	1406	1406	twen₃₃	200	t w e n ³³
Zhoucheng		far	1406	1406	twe₃₃	200	t w e ³³
Jinxing		far	1406	1406	twen₃₃	200	t w e n ³³
Tuolo		far	1406	1406	twe₃₃	200	t w e ³³
Enqi		far	1406	1406	tɥɛ₂₂	200	t ɥ ɛ ²²
Ega		far	1406	1406	ti₂₂	200	t i ²²
Gongxing		fat	323	323	t͡ʂi₅₅	265	ʈʂ i ⁵⁵
Jinman		fat	323	323	t͡ʂi₅₅	265	ʈʂ i ⁵⁵
Mazhelong		fat	323	323	ʦi₅₅	265	ts i ⁵⁵
Dashi		fat	323	323	t͡ʂi₅₅	265	ʈʂ i ⁵⁵
Zhoucheng		fat	323	323	ʦi₃₅	266	ts i ³⁵
Jinxing		fat	323	323	ʦi₅₅	265	ts i ⁵⁵
Tuolo		fat	323	323	t͡ʂi₅₅	265	ʈʂ i ⁵⁵
Enqi		fat	323	323	ʦi₂₄	265	ts i ²⁴
Ega		fat	323	323	ʦɛ₅₅	265	ts ɛ ⁵⁵
Gongxing		feather	1201	1201	mi₁₂	267	m i ¹²
Jinman		feather	1201	1201	mje₂₁	267	m j e ²¹
Mazhelong		feather	1201	1201	me₂₁	267	m e ²¹
Dashi		feather	1201	1201	ma₂₁	267	m a ²¹
Zhoucheng		feather	1201	1201	ma₂₁	267	m a ²¹
Jinxing		feather	1201	1201	mɑ̃₂₁	267	m ɑ̃ ²¹
Tuolo		feather	1201	1201	me₃₅	267	m e ³⁵
Enqi		feather	1201	1201	mjɛ₂₁	267	m j ɛ ²¹
Ega		feather	1201	1201	mi₂₁	267	m i ²¹
Gongxing		fire	221	221	xwɛ₂₂	268	x w ɛ ²²
Jinman		fire	221	221	fi₂₂	268	f i ²²
Mazhelong		fire	221	221	fi₃₃	268	f i ³³
Dashi		fire	221	221	xwi₃₃	268	x w i ³³
Zhoucheng		fire	221	221	xwi₃₃	268	x w i ³³
Jinxing		fire	221	221	xwi₃₃	268	x w i ³³
Tuolo		fire	221	221	xwe₃₃	268	x w e ³³
Enqi		fire	221	221	xwi₂₂	268	x w i ²²
Ega		fire	221	221	fi₂₂	268	f i ²²
Gongxing		fish	227	227	ŋo₅₅	269	ŋ o ⁵⁵
Jinman		fish	227	227	ŋu₅₅	269	ŋ u ⁵⁵
Mazhelong		fish	227	227	oŋ₅₅	269	o ŋ ⁵⁵
Dashi		fish	227	227	wɤ̃₃₅	269	w ɤ̃ ³⁵
Zhoucheng		fish	227	227	ŋo₃₅	269	ŋ o ³⁵
Jinxing		fish	227	227	ṃ₅₅	269	m̩ ⁵⁵
Tuolo		fish	227	227	ŋɤ₅₅	269	ŋ ɤ ⁵⁵
Enqi		fish	227	227	ŋo₂₄	269	ŋ o ²⁴
Ega		fish	227	227	ŋu₅₅	269	ŋ u ⁵⁵
Gongxing		fly	1441	1441	p͡fu₅₅	270	pf u ⁵⁵
Jinman		fly	1441	1441	fi₅₅	270	f i ⁵⁵
Mazhelong		fly	1441	1441	pi₅₅	270	p i ⁵⁵
Dashi		fly	1441	1441	fɤ₃₅	270	f ɤ ³⁵
Zhoucheng		fly	1441	1441	fɤ₃₅	270	f ɤ ³⁵
Jinxing		fly	1441	1441	fɤ₅₅	270	f ɤ ⁵⁵
Tuolo		fly	1441	1441	fɚ₅₅	270	f ə˞ ⁵⁵
Enqi		fly	1441	1441	fɛ₂₄	270	f ɛ ²⁴
Ega		fly	1441	1441	xwɛ₅₅	270	x w ɛ ⁵⁵
Gongxing		foot	1301	1301	ku₂₄	271	k u ²⁴
Jinman		foot	1301	1301	ko₅₅	271	k o ⁵⁵
Mazhelong		foot	1301	1301	ko₄₄	271	k o ⁴⁴
Dashi		foot	1301	1301	kow₄₄	271	k o w ⁴⁴
Zhoucheng		foot	1301	1301	ko₄₄	271	k o ⁴⁴
Jinxing		foot	1301	1301	kow₄₄	271	k o w ⁴⁴
Tuolo		foot	1301	1301	ko₄₂	271	k o ⁴²
Enqi		foot	1301	1301	ku₅₅	271	k u ⁵⁵
Ega		foot	1301	1301	ku₄₄	271	k u ⁴⁴
Gongxing		full	1429	1429	mi₂₂	272	m i ²²
Jinman		full	1429	1429	me₂₂	272	m e ²²
Mazhelong		full	1429	1429	mɛ₃₃	272	m ɛ ³³
Dashi		full	1429	1429	ma₃₃	272	m a ³³
Zhoucheng		full	1429	1429	ma₃₃	272	m a ³³
Jinxing		full	1429	1429	mɑ̃₃₃	272	m ɑ̃ ³³
Tuolo		full	1429	1429	me₃₃	272	m e ³³
Enqi		full	1429	1429	mjɛ₂₂	272	m j ɛ ²²
Ega		full	1429	1429	mi₂₂	272	m i ²²
Gongxing		give	1447	1447	zi₄₂	273	z i ⁴²
Jinman		give	1447	1447	zi₄₂	273	z i ⁴²
Mazhelong		give	1447	1447	zǝɯ₂₁	273	z əu ²¹
Dashi		give	1447	1447	zi₂₁	273	z i ²¹
Zhoucheng		give	1447	1447	zɯ₄₂	273	z ɯ ⁴²
Jinxing		give	1447	1447	si₃₁	273	s i ³¹
Tuolo		give	1447	1447	zi₂₁	273	z i ²¹
Enqi		give	1447	1447	ʦi₄₃	273	ts i ⁴³
Ega		give	1447	1447	zi₄₂	273	z i ⁴²
Gongxing		good	1035	1035	ʣan₁₂	274	dz a n ¹²
Jinman		good	1035	1035	xo₂₂	275	x o ²²
Mazhelong		good	1035	1035	xǝ₃₃	275	x ə ³³
Dashi		good	1035	1035	xu₃₃	275	x u ³³
Zhoucheng		good	1035	1035	xu₃₃	275	x u ³³
Jinxing		good	1035	1035	xu₃₃	275	x u ³³
Tuolo		good	1035	1035	djaŋ₃₅	274	d j a ŋ ³⁵
Enqi		good	1035	1035	djæ₂₁	274	d j æ ²¹
Ega		good	1035	1035	xo₅₅	275	x o ⁵⁵
Dashi		good	1035	1035	ʨʰõ₄₄	274	tɕʰ õ ⁴⁴
Zhoucheng		good	1035	1035	ʨʰow₅₅	274	tɕʰ o w ⁵⁵
Jinxing		good	1035	1035	ʨʰõ₄₄	274	tɕʰ õ ⁴⁴
Gongxing		green	1425	1425	ʦʰan₂₄	276	tsʰ a n ²⁴
Jinman		green	1425	1425	ʨʰã₅₅	276	tɕʰ ã ⁵⁵
Mazhelong		green	1425	1425	lɤ₄₄	277	l ɤ ⁴⁴
Dashi		green	1425	1425	lo₄₄	277	l o ⁴⁴
Zhoucheng		green	1425	1425	lɤ₄₄	277	l ɤ ⁴⁴
Jinxing		green	1425	1425	lu₄₄	277	l u ⁴⁴
Tuolo		green	1425	1425	ʨʰaŋ₂₁	276	tɕʰ a ŋ ²¹
Enqi		green	1425	1425	ʨʰæ₂₄	276	tɕʰ æ ²⁴
Ega		green	1425	1425	ʨʰa₄₂	276	tɕʰ a ⁴²
Gongxing		hair	1040	1040	di₂₄mjɛ₁₂	278	d i ²⁴ m j ɛ ¹²
Jinman		hair	1040	1040	ʈe₂₁me₅₅	278	ʈ e ²¹ m e ⁵⁵
Mazhelong		hair	1040	1040	tɛ₂₁mɛ₅₅	278	t ɛ ²¹ m ɛ ⁵⁵
Dashi		hair	1040	1040	ɕa₄₄	279	ɕ a ⁴⁴
Zhoucheng		hair	1040	1040	tɯ₂₁ma₃₅	278	t ɯ ²¹ m a ³⁵
Jinxing		hair	1040	1040	ɕɔ₄₄	279	ɕ ɔ ⁴⁴
Tuolo		hair	1040	1040	djɯ₃₅me₅₅	278	d j ɯ ³⁵ m e ⁵⁵
Enqi		hair	1040	1040	tjɯ₂₁mjɛ₂₄	278	t j ɯ ²¹ m j ɛ ²⁴
Ega		hair	1040	1040	ti₂₁mi₅₅	278	t i ²¹ m i ⁵⁵
Jinxing		hair	1040	1040	tǝ₂₁mã₅₅	278	t ə ²¹ m ã ⁵⁵
Gongxing		hand	1277	1277	ʂi₂₂	280	ʂ i ²²
Jinman		hand	1277	1277	ɕi₂₂	280	ɕ i ²²
Mazhelong		hand	1277	1277	sǝɯ₃₃	280	s əu ³³
Dashi		hand	1277	1277	ʂʰɯ₃₃	280	ʂʰ ɯ ³³
Zhoucheng		hand	1277	1277	sɯ₃₃	280	s ɯ ³³
Jinxing		hand	1277	1277	sɯ₃₃	280	s ɯ ³³
Tuolo		hand	1277	1277	ɕɯ₃₃	280	ɕ ɯ ³³
Enqi		hand	1277	1277	ɕɯ₂₂	280	ɕ ɯ ²²
Ega		hand	1277	1277	ɕi₂₂	280	ɕ i ²²
Gongxing		head	1256	1256	di₁₂	281	d i ¹²
Jinman		head	1256	1256	ʈo₂₂	281	ʈ o ²²
Mazhelong		head	1256	1256	ta₄₂po₂₁	282	t a ⁴² p o ²¹
Dashi		head	1256	1256	ti₄₂	281	t i ⁴²
Zhoucheng		head	1256	1256	tɯ₃₁po₂₁	282	t ɯ ³¹ p o ²¹
Jinxing		head	1256	1256	tǝ₃₁	281	t ə ³¹
Tuolo		head	1256	1256	djɯ₃₅	281	d j ɯ ³⁵
Enqi		head	1256	1256	tiw₂₁	281	t i w ²¹
Ega		head	1256	1256	ʨu₂₂qa₅₅	283	tɕ u ²² q a ⁵⁵
Gongxing		hear	1408	1408	ʨʰjan₅₅	284	tɕʰ j a n ⁵⁵
Jinman		hear	1408	1408	ʨʰjã₅₅	284	tɕʰ j ã ⁵⁵
Mazhelong		hear	1408	1408	ʨʰɚ̃₅₅	284	tɕʰ ə̃˞ ⁵⁵
Dashi		hear	1408	1408	ʨʰjɚ̃₅₅	284	tɕʰ j ə̃˞ ⁵⁵
Zhoucheng		hear	1408	1408	ʨʰjɛ₅₅	284	tɕʰ j ɛ ⁵⁵
Jinxing		hear	1408	1408	ʨʰjan₅₅tǝ₃₃	285	tɕʰ j a n ⁵⁵ t ə ³³
Tuolo		hear	1408	1408	ʨʰjaŋ₅₅	284	tɕʰ j a ŋ ⁵⁵
Enqi		hear	1408	1408	ʨʰjæ₂₄	284	tɕʰ j æ ²⁴
Ega		hear	1408	1408	ʨʰja₅₅	284	tɕʰ j a ⁵⁵
Gongxing		heart	1223	1223	ɕin₅₅	4	ɕ i n ⁵⁵
Jinman		heart	1223	1223	sẽ₅₅	4	s ẽ ⁵⁵
Mazhelong		heart	1223	1223	ɕen₅₅	4	ɕ e n ⁵⁵
Dashi		heart	1223	1223	ɕen₅₅	4	ɕ e n ⁵⁵
Zhoucheng		heart	1223	1223	ɕi₃₅	4	ɕ i ³⁵
Jinxing		heart	1223	1223	ɕen₅₅	4	ɕ e n ⁵⁵
Tuolo		heart	1223	1223	ɕen₅₅	4	ɕ e n ⁵⁵
Enqi		heart	1223	1223	si₂₄	4	s i ²⁴
Ega		heart	1223	1223	sɛ₅₅	4	s ɛ ⁵⁵
Gongxing		heavy	1210	1210	ʣoŋ₂₂	204	dz o ŋ ²²
Jinman		heavy	1210	1210	ʥõ₂₂	204	dʑ õ ²²
Mazhelong		heavy	1210	1210	ʦõ₂₁	204	ts õ ²¹
Dashi		heavy	1210	1210	t͡ʂõ₃₃	204	ʈʂ õ ³³
Zhoucheng		heavy	1210	1210	ʦɤ₃₃	204	ts ɤ ³³
Jinxing		heavy	1210	1210	ʦɤ̃₃₃	204	ts ɤ̃ ³³
Tuolo		heavy	1210	1210	ʐɤŋ₃₃	204	ʐ ɤ ŋ ³³
Enqi		heavy	1210	1210	d͡ʐo₂₂	204	ɖʐ o ²²
Ega		heavy	1210	1210	ʥo₂₂	204	dʑ o ²²
Gongxing		horn	1393	1393	qwa₂₄	5	q w a ²⁴
Jinman		horn	1393	1393	qo₅₅	5	q o ⁵⁵
Mazhelong		horn	1393	1393	koŋ₄₄	5	k o ŋ ⁴⁴
Dashi		horn	1393	1393	ko₄₄	5	k o ⁴⁴
Zhoucheng		horn	1393	1393	kɤ₄₄	5	k ɤ ⁴⁴
Jinxing		horn	1393	1393	kɤ₄₄	5	k ɤ ⁴⁴
Tuolo		horn	1393	1393	qo₄₂qa₂₁	6	q o ⁴² q a ²¹
Enqi		horn	1393	1393	qo₅₅	5	q o ⁵⁵
Ega		horn	1393	1393	qo₄₄	5	q o ⁴⁴
Gongxing		kill	1417	1417	χa₂₄	8	χ a ²⁴
Jinman		kill	1417	1417	ɕa₅₅	8	ɕ a ⁵⁵
Mazhelong		kill	1417	1417	ɕa₄₄	8	ɕ a ⁴⁴
Dashi		kill	1417	1417	ɕʰa₄₄	8	ɕʰ a ⁴⁴
Zhoucheng		kill	1417	1417	ɕa₄₄	8	ɕ a ⁴⁴
Jinxing		kill	1417	1417	ɕɑ₄₄	8	ɕ ɑ ⁴⁴
Tuolo		kill	1417	1417	ɕɔ₄₂	8	ɕ ɔ ⁴²
Enqi		kill	1417	1417	xa₅₅	8	x a ⁵⁵
Ega		kill	1417	1417	ɕo₄₄	8	ɕ o ⁴⁴
Gongxing		knee	1371	1371	qa₅₅ʦi₂₂qa₅₅qa₄₂	11	q a ⁵⁵ ts i ²² q a ⁵⁵ q a ⁴²
Jinman		knee	1371	1371	ko₄₄ʦe₄₄	9	k o ⁴⁴ ts e ⁴⁴
Mazhelong		knee	1371	1371	ko₄₄ʦɛ₄₄tǝɯ₂₁	12	k o ⁴⁴ ts ɛ ⁴⁴ t əu ²¹
Dashi		knee	1371	1371	kʰwa₃₁tjow₃₁ʦe₄₄	14	kʰ w a ³¹ t j o w ³¹ ts e ⁴⁴
Zhoucheng		knee	1371	1371	kʰwa₃₃te₅₅tɯ₂₁	12	kʰ w a ³³ t e ⁵⁵ t ɯ ²¹
Jinxing		knee	1371	1371	kʰwɑ₃₁ʦɿ₃₃te₄₄kɔ₃₃	13	kʰ w ɑ ³¹ ts ɿ ³³ t e ⁴⁴ k ɔ ³³
Tuolo		knee	1371	1371	qʰoŋ₅₅mo₄₂qɔ₄₂	15	qʰ o ŋ ⁵⁵ m o ⁴² q ɔ ⁴²
Enqi		knee	1371	1371	qʰa₄₃ʦo₂₁qa₅₅	10	qʰ a ⁴³ ts o ²¹ q a ⁵⁵
Ega		knee	1371	1371	qʰo₄₂ʦu₂₁qo₅₅	10	qʰ o ⁴² ts u ²¹ q o ⁵⁵
Gongxing		know	1410	1410	t͡ʂi₄₂ʦʰwa₅₅	16	ʈʂ i ⁴² tsʰ w a ⁵⁵
Jinman		know	1410	1410	sɿ₄₄	17	s ɿ ⁴⁴
Mazhelong		know	1410	1410	sɯ₄₄	17	s ɯ ⁴⁴
Dashi		know	1410	1410	se₃₃	17	s e ³³
Zhoucheng		know	1410	1410	zɯ₄₄tɯ₄₄	18	z ɯ ⁴⁴ t ɯ ⁴⁴
Jinxing		know	1410	1410	sen₃₃	17	s e n ³³
Tuolo		know	1410	1410	t͡ʂɤ₅₅t͡ʂʰɤ₂₁	16	ʈʂ ɤ ⁵⁵ ʈʂʰ ɤ ²¹
Enqi		know	1410	1410	swɛ₂₂	17	s w ɛ ²²
Ega		know	1410	1410	si₄₄	17	s i ⁴⁴
Gongxing		leaf	628	628	sɛ₂₄	19	s ɛ ²⁴
Jinman		leaf	628	628	ʂɚ₅₅	19	ʂ ə˞ ⁵⁵
Mazhelong		leaf	628	628	sɛ₄₄	19	s ɛ ⁴⁴
Dashi		leaf	628	628	ʂʰe₄₄	19	ʂʰ e ⁴⁴
Zhoucheng		leaf	628	628	se₄₄	19	s e ⁴⁴
Jinxing		leaf	628	628	se₄₄	19	s e ⁴⁴
Tuolo		leaf	628	628	djɯ₂₁mɯ₄₂ɕi₄₂	20	d j ɯ ²¹ m ɯ ⁴² ɕ i ⁴²
Enqi		leaf	628	628	ɕɛ₅₅	19	ɕ ɛ ⁵⁵
Ega		leaf	628	628	sɛ₄₄	19	s ɛ ⁴⁴
Gongxing		lie	1411	1411	nen₁₂	21	n e n ¹²
Jinman		lie	1411	1411	lo₂₁	22	l o ²¹
Mazhelong		lie	1411	1411	mi₅₅	23	m i ⁵⁵
Dashi		lie	1411	1411	t͡ʂʰɚ̃₃₃	24	ʈʂʰ ə̃˞ ³³
Zhoucheng		lie	1411	1411	ʦʰɛ₃₃	24	tsʰ ɛ ³³
Jinxing		lie	1411	1411	ʦʰan₃₃	24	tsʰ a n ³³
Tuolo		lie	1411	1411	ʐa₄₂	25	ʐ a ⁴²
Enqi		lie	1411	1411	to₂₄ʨi₂₂	26	t o ²⁴ tɕ i ²²
Ega		lie	1411	1411	lo₂₁	22	l o ²¹
Gongxing		liver	1224	1224	qaŋ₅₅	27	q a ŋ ⁵⁵
Jinman		liver	1224	1224	qã₅₅	27	q ã ⁵⁵
Mazhelong		liver	1224	1224	kaŋ₅₅	27	k a ŋ ⁵⁵
Dashi		liver	1224	1224	kã₃₅	27	k ã ³⁵
Zhoucheng		liver	1224	1224	ka₃₅	27	k a ³⁵
Jinxing		liver	1224	1224	kɑ₅₅	27	k ɑ ⁵⁵
Tuolo		liver	1224	1224	qɔŋ₅₅	27	q ɔ ŋ ⁵⁵
Enqi		liver	1224	1224	qa₂₄	27	q a ²⁴
Ega		liver	1224	1224	qo₅₅	27	q o ⁵⁵
Gongxing		long	1203	1203	ʥow₁₂	28	dʑ o w ¹²
Jinman		long	1203	1203	ʈõ₂₁	28	ʈ õ ²¹
Mazhelong		long	1203	1203	ʦoŋ₂₁	28	ts o ŋ ²¹
Dashi		long	1203	1203	t͡ʂõ₂₁	28	ʈʂ õ ²¹
Zhoucheng		long	1203	1203	ʦow₂₁	28	ts o w ²¹
Jinxing		long	1203	1203	ʦõ₂₁	28	ts õ ²¹
Tuolo		long	1203	1203	dɤ₃₅	28	d ɤ ³⁵
Enqi		long	1203	1203	tjo₂₁	28	t j o ²¹
Ega		long	1203	1203	ʨu₂₁	28	tɕ u ²¹
Gongxing		louse	1392	1392	ɕi₂₄	29	ɕ i ²⁴
Jinman		louse	1392	1392	ɕi₅₅	29	ɕ i ⁵⁵
Mazhelong		louse	1392	1392	ɕi₄₄	29	ɕ i ⁴⁴
Dashi		louse	1392	1392	ɕi₃₃	29	ɕ i ³³
Zhoucheng		louse	1392	1392	ɕe₄₄	29	ɕ e ⁴⁴
Jinxing		louse	1392	1392	ɕi₄₄	29	ɕ i ⁴⁴
Tuolo		louse	1392	1392	ɕi₄₂	29	ɕ i ⁴²
Enqi		louse	1392	1392	ɕi₅₅	29	ɕ i ⁵⁵
Ega		louse	1392	1392	ɕi₄₄	29	ɕ i ⁴⁴
Gongxing		man	1554	1554	ʦi₂₂	30	ts i ²²
Jinman		man	1554	1554	da₅₃xõ₅₅ʦi₂₂	32	d a ⁵³ x õ ⁵⁵ ts i ²²
Mazhelong		man	1554	1554	ʦi₃₃	30	ts i ³³
Dashi		man	1554	1554	ʦi₃₃	30	ts i ³³
Zhoucheng		man	1554	1554	ʦi₄₄	30	ts i ⁴⁴
Jinxing		man	1554	1554	ʦi₃₃	30	ts i ³³
Tuolo		man	1554	1554	ɕa₅₅tʰjo₂₁po₅₅	34	ɕ a ⁵⁵ tʰ j o ²¹ p o ⁵⁵
Enqi		man	1554	1554	da₄₃xo₂₄	31	d a ⁴³ x o ²⁴
Ega		man	1554	1554	do₄₂xõ₅₅ʦi₂₂	32	d o ⁴² x õ ⁵⁵ ts i ²²
Gongxing		many	1198	1198	ti₅₅	35	t i ⁵⁵
Jinman		many	1198	1198	ti₅₅	35	t i ⁵⁵
Mazhelong		many	1198	1198	ti₅₅	35	t i ⁵⁵
Dashi		many	1198	1198	ʨi₃₅	35	tɕ i ³⁵
Zhoucheng		many	1198	1198	ʨi₃₅	35	tɕ i ³⁵
Jinxing		many	1198	1198	ʨi₅₅	35	tɕ i ⁵⁵
Tuolo		many	1198	1198	ʨɯ₅₅	35	tɕ ɯ ⁵⁵
Enqi		many	1198	1198	ti₂₄	35	t i ²⁴
Ega		many	1198	1198	ti₅₅	35	t i ⁵⁵
Gongxing		meat	634	634	ɢæ₁₂	36	ɢ æ ¹²
Jinman		meat	634	634	qa₂₁	36	q a ²¹
Mazhelong		meat	634	634	kɚ₂₁	36	k ə˞ ²¹
Dashi		meat	634	634	kɚ₂₁	36	k ə˞ ²¹
Zhoucheng		meat	634	634	kɛ₂₁	36	k ɛ ²¹
Jinxing		meat	634	634	ka₂₁	36	k a ²¹
Tuolo		meat	634	634	ʁa₃₅	36	ʁ a ³⁵
Enqi		meat	634	634	qæ₂₁	36	q æ ²¹
Ega		meat	634	634	qa₂₁	36	q a ²¹
Gongxing		moon	1313	1313	ɲi₂₄waŋ₅₅	37	ɲ i ²⁴ w a ŋ ⁵⁵
Jinman		moon	1313	1313	ɲo₅₅ŋõ₅₅	37	ɲ o ⁵⁵ ŋ õ ⁵⁵
Mazhelong		moon	1313	1313	mjen₅₅ŋwa₄₄	37	m j e n ⁵⁵ ŋ w a ⁴⁴
Dashi		moon	1313	1313	mi₅₅wã₄₄	37	m i ⁵⁵ w ã ⁴⁴
Zhoucheng		moon	1313	1313	mi₃₅wa₄₄	37	m i ³⁵ w a ⁴⁴
Jinxing		moon	1313	1313	mi₅₅wɑ̃₅₅	37	m i ⁵⁵ w ɑ̃ ⁵⁵
Tuolo		moon	1313	1313	jen₅₅wo₄₂	37	j e n ⁵⁵ w o ⁴²
Enqi		moon	1313	1313	mjɛ₂₄wa₅₅	37	m j ɛ ²⁴ w a ⁵⁵
Ega		moon	1313	1313	ɲa₅₅ŋwa₄₄	37	ɲ a ⁵⁵ ŋ w a ⁴⁴
Gongxing		mountain	639	639	swa₄₂	38	s w a ⁴²
Jinman		mountain	639	639	ʂɚ̃₅₅	38	ʂ ə̃˞ ⁵⁵
Mazhelong		mountain	639	639	sen₅₅	38	s e n ⁵⁵
Dashi		mountain	639	639	ʂo₄₂	38	ʂ o ⁴²
Zhoucheng		mountain	639	639	sɤ₅₃	38	s ɤ ⁵³
Jinxing		mountain	639	639	sɤ̃₄₂	38	s ɤ̃ ⁴²
Tuolo		mountain	639	639	ɕen₅₅	38	ɕ e n ⁵⁵
Enqi		mountain	639	639	ɕo₄₃	38	ɕ o ⁴³
Ega		mountain	639	639	sɛ₅₅	38	s ɛ ⁵⁵
Gongxing		mouth	674	674	ʦu₂₂qwɛ₅₅	40	ts u ²² q w ɛ ⁵⁵
Jinman		mouth	674	674	ʨu₂₂kwe₅₅	40	tɕ u ²² k w e ⁵⁵
Mazhelong		mouth	674	674	ʦwi₃₃	42	ts w i ³³
Dashi		mouth	674	674	ʦwi₃₃	39	ts w i ³³
Zhoucheng		mouth	674	674	ʨy₃₃kɤ₃₃	40	tɕ y ³³ k ɤ ³³
Jinxing		mouth	674	674	ʨyj₃₃kwe₅₅	40	tɕ y j ³³ k w e ⁵⁵
Tuolo		mouth	674	674	ʨu₃₃qwa₅₅	40	tɕ u ³³ q w a ⁵⁵
Enqi		mouth	674	674	ʨu₂₂qwa₂₄	40	tɕ u ²² q w a ²⁴
Ega		mouth	674	674	ʨu₂₂kwa₅₅qo₄₂	41	tɕ u ²² k w a ⁵⁵ q o ⁴²
Gongxing		name	1405	1405	ɲwɛ₅₅	43	ɲ w ɛ ⁵⁵
Jinman		name	1405	1405	ɲo₅₅	43	ɲ o ⁵⁵
Mazhelong		name	1405	1405	mjɚ₅₅	43	m j ə˞ ⁵⁵
Dashi		name	1405	1405	mjɚ₃₅	43	m j ə˞ ³⁵
Zhoucheng		name	1405	1405	mjɛ₃₅	43	m j ɛ ³⁵
Jinxing		name	1405	1405	mjan₅₅	43	m j a n ⁵⁵
Tuolo		name	1405	1405	ɲwa₅₅	43	ɲ w a ⁵⁵
Enqi		name	1405	1405	mjæ₂₄	43	m j æ ²⁴
Ega		name	1405	1405	ɲɥa₅₅	43	ɲ ɥ a ⁵⁵
Gongxing		near	1942	1942	ʥen₂₂	205	dʑ e n ²²
Jinman		near	1942	1942	ʦʰo₅₅	205	tsʰ o ⁵⁵
Mazhelong		near	1942	1942	ʨen₃₃	205	tɕ e n ³³
Dashi		near	1942	1942	ʨen₃₃	205	tɕ e n ³³
Zhoucheng		near	1942	1942	ʨe₃₃	205	tɕ e ³³
Jinxing		near	1942	1942	ʨen₃₃	205	tɕ e n ³³
Tuolo		near	1942	1942	jen₃₃	206	j e n ³³
Enqi		near	1942	1942	ʨi₂₂	205	tɕ i ²²
Ega		near	1942	1942	ʦʰo₅₅	205	tsʰ o ⁵⁵
Gongxing		neck	1333	1333	qoŋ₅₅noŋ₄₂	44	q o ŋ ⁵⁵ n o ŋ ⁴²
Jinman		neck	1333	1333	qo₄₂te₃₃me₄₂	46	q o ⁴² t e ³³ m e ⁴²
Mazhelong		neck	1333	1333	kɤ₄₂tɛ₅₅	45	k ɤ ⁴² t ɛ ⁵⁵
Dashi		neck	1333	1333	mjɚ₄₂tʰõ₅₅	49	m j ə˞ ⁴² tʰ õ ⁵⁵
Zhoucheng		neck	1333	1333	po₃₅ʦɿ₃₃ku₃₅	50	p o ³⁵ ts ɿ ³³ k u ³⁵
Jinxing		neck	1333	1333	kɤ₄₂mi₄₂ʦɿ₃₃	48	k ɤ ⁴² m i ⁴² ts ɿ ³³
Tuolo		neck	1333	1333	qoŋ₂₁mo₂₁	47	q o ŋ ²¹ m o ²¹
Enqi		neck	1333	1333	qo₄₃tæ₅₅	45	q o ⁴³ t æ ⁵⁵
Ega		neck	1333	1333	qo₄₂tɛ₄₄me₄₂	46	q o ⁴² t ɛ ⁴⁴ m e ⁴²
Dashi		neck	1333	1333	ɚ₄₄mjɚ₄₂	51	ə˞ ⁴⁴ m j ə˞ ⁴²
Gongxing		new	1231	1231	ɕen₅₅	52	ɕ e n ⁵⁵
Jinman		new	1231	1231	sẽ₅₅	52	s ẽ ⁵⁵
Mazhelong		new	1231	1231	ɕen₅₅	52	ɕ e n ⁵⁵
Dashi		new	1231	1231	ɕʰen₅₅	52	ɕʰ e n ⁵⁵
Zhoucheng		new	1231	1231	ɕi₃₅	52	ɕ i ³⁵
Jinxing		new	1231	1231	ɕen₅₅	52	ɕ e n ⁵⁵
Tuolo		new	1231	1231	ɕen₅₅	52	ɕ e n ⁵⁵
Enqi		new	1231	1231	si₂₄	52	s i ²⁴
Ega		new	1231	1231	sɛ₅₅	52	s ɛ ⁵⁵
Gongxing		night	1233	1233	ja₅₅xɯ₄₂	53	j a ⁵⁵ x ɯ ⁴²
Jinman		night	1233	1233	ɕa₅₅xɯ̃₄₂	54	ɕ a ⁵⁵ x ɯ̃ ⁴²
Mazhelong		night	1233	1233	ɕɚ₅₅pʰo₅₅	55	ɕ ə˞ ⁵⁵ pʰ o ⁵⁵
Dashi		night	1233	1233	pe₃₃kɚ₄₂	56	p e ³³ k ə˞ ⁴²
Zhoucheng		night	1233	1233	pe₃₃kɛ₄₂	56	p e ³³ k ɛ ⁴²
Jinxing		night	1233	1233	pẽ₅₅ka₄₂	56	p ẽ ⁵⁵ k a ⁴²
Tuolo		night	1233	1233	pɛ₃₃ʨa₂₁	56	p ɛ ³³ tɕ a ²¹
Enqi		night	1233	1233	ɕa₂₄xɯ₂₂	54	ɕ a ²⁴ x ɯ ²²
Ega		night	1233	1233	ɲi₄₄u₂₂	60	ɲ i ⁴⁴ u ²²
Tuolo		night	1233	1233	xa₄₂xɯ₂₁	54	x a ⁴² x ɯ ²¹
Gongxing		nose	1221	1221	ty₂₁tjy₂₄	62	t y ²¹ t j y ²⁴
Jinman		nose	1221	1221	qʰwe₄₂tjɯ₂₁	63	qʰ w e ⁴² t j ɯ ²¹
Mazhelong		nose	1221	1221	pʰjen₄₂	61	pʰ j e n ⁴²
Dashi		nose	1221	1221	wɤ₄₂tiǝ₂₁	65	w ɤ ⁴² t iə ²¹
Zhoucheng		nose	1221	1221	pi₃₁fɤ₄₄ʦɿ₄₄	66	p i ³¹ f ɤ ⁴⁴ ts ɿ ⁴⁴
Jinxing		nose	1221	1221	pjen₂₁	61	p j e n ²¹
Tuolo		nose	1221	1221	vɚ₄₂djɯ₃₅	65	v ə˞ ⁴² d j ɯ ³⁵
Enqi		nose	1221	1221	ʦo₂₁qʰo₂₂tjɯ₂₁	68	ts o ²¹ qʰ o ²² t j ɯ ²¹
Ega		nose	1221	1221	kʰwɛ₄₂ʨyj₂₁	64	kʰ w ɛ ⁴² tɕ y j ²¹
Gongxing		not	1240	1240	ɛ₅₅	69	ɛ ⁵⁵
Jinman		not	1240	1240	a₄₂	70	a ⁴²
Mazhelong		not	1240	1240	a₃₁mow₃₃	71	a ³¹ m o w ³³
Dashi		not	1240	1240	ma₃₃xa₅₅	74	m a ³³ x a ⁵⁵
Zhoucheng		not	1240	1240	mo₃₃	73	m o ³³
Jinxing		not	1240	1240	ɣa₃₅	72	ɣ a ³⁵
Tuolo		not	1240	1240	e₃₅	69	e ³⁵
Enqi		not	1240	1240	a₄₃	70	a ⁴³
Ega		not	1240	1240	a₄₂	70	a ⁴²
Mazhelong		not	1240	1240	pu₂₁	75	p u ²¹
Dashi		not	1240	1240	a₄₂ɣẽ₅₅	71	a ⁴² ɣ ẽ ⁵⁵
Tuolo		not	1240	1240	a₂₁	70	a ²¹
Gongxing		one	1493	1493	a₅₅	76	a ⁵⁵
Jinman		one	1493	1493	a₄₂	76	a ⁴²
Mazhelong		one	1493	1493	a₂₁	76	a ²¹
Dashi		one	1493	1493	ji₄₄	77	j i ⁴⁴
Zhoucheng		one	1493	1493	a₃₁	76	a ³¹
Jinxing		one	1493	1493	a₄₂	76	a ⁴²
Tuolo		one	1493	1493	a₂₁	76	a ²¹
Enqi		one	1493	1493	ji₅₅	77	j i ⁵⁵
Ega		one	1493	1493	a₄₂	76	a ⁴²
Gongxing		one	1493	1493	ji₂₄	77	j i ²⁴
Mazhelong		one	1493	1493	ji₄₂	77	j i ⁴²
Zhoucheng		one	1493	1493	ji₄₄	77	j i ⁴⁴
Jinxing		one	1493	1493	ji₄₄	77	j i ⁴⁴
Tuolo		one	1493	1493	ji₄₂	77	j i ⁴²
Enqi		one	1493	1493	a₄₃	76	a ⁴³
Ega		one	1493	1493	ji₅₅	77	j i ⁵⁵
Gongxing		person	683	683	ɲi₁₂	78	ɲ i ¹²
Jinman		person	683	683	ɲi₂₁	78	ɲ i ²¹
Mazhelong		person	683	683	ɲen₂₁	78	ɲ e n ²¹
Dashi		person	683	683	jen₂₁	78	j e n ²¹
Zhoucheng		person	683	683	ɲi₂₁	78	ɲ i ²¹
Jinxing		person	683	683	jen₂₁	78	j e n ²¹
Tuolo		person	683	683	jen₃₅	78	j e n ³⁵
Enqi		person	683	683	ɲi₂₁qa₂₄	79	ɲ i ²¹ q a ²⁴
Ega		person	683	683	ɲi₂₁	78	ɲ i ²¹
Gongxing		rain	658	658	ʐi₂₂	80	ʐ i ²²
Jinman		rain	658	658	ʐɚ₂₂wo₄₂	81	ʐ ə˞ ²² w o ⁴²
Mazhelong		rain	658	658	ju₅₅	82	j u ⁵⁵
Dashi		rain	658	658	wɤ₃₃	82	w ɤ ³³
Zhoucheng		rain	658	658	ow₄₂ɤ₃₃ɕi₄₄	83	o w ⁴² ɤ ³³ ɕ i ⁴⁴
Jinxing		rain	658	658	ɤ₃₃	82	ɤ ³³
Tuolo		rain	658	658	ʐi₃₃	80	ʐ i ³³
Enqi		rain	658	658	zi₂₂	80	z i ²²
Ega		rain	658	658	zɛ₂₂u₄₂	81	z ɛ ²² u ⁴²
Enqi		rain	658	658	u₂₁	82	u ²¹
Gongxing		red	156	156	tʰæ₂₄	84	tʰ æ ²⁴
Jinman		red	156	156	ʈʰa₅₅	84	ʈʰ a ⁵⁵
Mazhelong		red	156	156	xoŋ₃₃	85	x o ŋ ³³
Dashi		red	156	156	t͡ʂʰɚ₄₄	84	ʈʂʰ ə˞ ⁴⁴
Zhoucheng		red	156	156	ʦʰɛ₄₄	84	tsʰ ɛ ⁴⁴
Jinxing		red	156	156	ʦʰa₄₄	84	tsʰ a ⁴⁴
Tuolo		red	156	156	tʰa₄₂	84	tʰ a ⁴²
Enqi		red	156	156	tʰjæ₅₅	84	tʰ j æ ⁵⁵
Ega		red	156	156	ʨʰa₄₄	84	tɕʰ a ⁴⁴
Gongxing		road	667	667	tʰy₂₂	86	tʰ y ²²
Jinman		road	667	667	ʈʰu₂₂	86	ʈʰ u ²²
Mazhelong		road	667	667	tʰǝɯ₃₃	86	tʰ əu ³³
Dashi		road	667	667	tʰu₃₃	86	tʰ u ³³
Zhoucheng		road	667	667	tʰo₃₃	86	tʰ o ³³
Jinxing		road	667	667	tʰu₃₃	86	tʰ u ³³
Tuolo		road	667	667	tʰɤ₃₃	86	tʰ ɤ ³³
Enqi		road	667	667	tʰiw₂₂	86	tʰ i w ²²
Ega		road	667	667	ʨiw₂₂	86	tɕ i w ²²
Gongxing		root	670	670	tɛ₂₄	87	t ɛ ²⁴
Jinman		root	670	670	me₄₂	89	m e ⁴²
Mazhelong		root	670	670	ʦo₃₃	87	ts o ³³
Dashi		root	670	670	te₄₄	87	t e ⁴⁴
Zhoucheng		root	670	670	mi₄₄	89	m i ⁴⁴
Jinxing		root	670	670	te₄₄	87	t e ⁴⁴
Tuolo		root	670	670	mɛ₂₁	89	m ɛ ²¹
Enqi		root	670	670	tɛ₅₅	87	t ɛ ⁵⁵
Ega		root	670	670	mɛ₄₂	89	m ɛ ⁴²
Jinman		root	670	670	te₄₂	87	t e ⁴²
Dashi		root	670	670	mi₄₄	89	m i ⁴⁴
Enqi		root	670	670	mɛ₄₃	89	m ɛ ⁴³
Ega		root	670	670	tɛ₄₂	87	t ɛ ⁴²
Gongxing		round	1395	1395	wen₁₂	90	w e n ¹²
Jinman		round	1395	1395	ŋwe₂₁	90	ŋ w e ²¹
Mazhelong		round	1395	1395	ɣen₂₁	90	ɣ e n ²¹
Dashi		round	1395	1395	wẽ₃₁	90	w ẽ ³¹
Zhoucheng		round	1395	1395	we₂₁	90	w e ²¹
Jinxing		round	1395	1395	wẽ₂₁	90	w ẽ ²¹
Tuolo		round	1395	1395	wen₃₅	90	w e n ³⁵
Enqi		round	1395	1395	ʁwɛ₂₁	90	ʁ w ɛ ²¹
Ega		round	1395	1395	kʰwɛ₄₄	91	kʰ w ɛ ⁴⁴
Gongxing		salt	1274	1274	ʨwen₅₅	207	tɕ w e n ⁵⁵
Jinman		salt	1274	1274	ʦwẽ₅₅	207	ts w ẽ ⁵⁵
Mazhelong		salt	1274	1274	ʦʰoŋ₂₁	207	tsʰ o ŋ ²¹
Dashi		salt	1274	1274	pjẽ₃₅	207	p j ẽ ³⁵
Zhoucheng		salt	1274	1274	pi₃₅	207	p i ³⁵
Jinxing		salt	1274	1274	pjen₅₅	207	p j e n ⁵⁵
Tuolo		salt	1274	1274	ʨwen₅₅	207	tɕ w e n ⁵⁵
Enqi		salt	1274	1274	ʦwɛ₂₄	207	ts w ɛ ²⁴
Ega		salt	1274	1274	ʦwɛ₅₅	207	ts w ɛ ⁵⁵
Gongxing		sand	671	671	swa₅₅	92	s w a ⁵⁵
Jinman		sand	671	671	ɕo₅₅	92	ɕ o ⁵⁵
Mazhelong		sand	671	671	sa₅₅	92	s a ⁵⁵
Dashi		sand	671	671	ʂʰow₅₅	92	ʂʰ o w ⁵⁵
Zhoucheng		sand	671	671	so₅₅	92	s o ⁵⁵
Jinxing		sand	671	671	sow₅₅	92	s o w ⁵⁵
Tuolo		sand	671	671	ɕwɨ₅₅	92	ɕ w ɨ ⁵⁵
Enqi		sand	671	671	ɕo₂₄	92	ɕ o ²⁴
Ega		sand	671	671	ɕo₅₅mi₂₂	93	ɕ o ⁵⁵ m i ²²
Gongxing		say	1458	1458	ʣu₂₁	94	dz u ²¹
Mazhelong		say	1458	1458	swa₄₄	95	s w a ⁴⁴
Dashi		say	1458	1458	ʨaŋ₂₁	96	tɕ a ŋ ²¹
Zhoucheng		say	1458	1458	swa₄₄	96	s w a ⁴⁴
Jinxing		say	1458	1458	swɑ₄₄	95	s w ɑ ⁴⁴
Tuolo		say	1458	1458	zu₄₂	94	z u ⁴²
Enqi		say	1458	1458	ʦu₂₁	94	ts u ²¹
Ega		say	1458	1458	ʦo₄₂	94	ts o ⁴²
Tuolo		say	1458	1458	swa₄₂	96	s w a ⁴²
Gongxing		see	1409	1409	en₂₂qen₄₂	97	e n ²² q e n ⁴²
Jinman		see	1409	1409	e₂₂tɯ₄₄	99	e ²² t ɯ ⁴⁴
Mazhelong		see	1409	1409	xã₅₅kɛ₄₂	102	x ã ⁵⁵ k ɛ ⁴²
Dashi		see	1409	1409	aŋ₃₃ke₃₁	97	a ŋ ³³ k e ³¹
Zhoucheng		see	1409	1409	a₃₃tɯ₄₄	99	a ³³ t ɯ ⁴⁴
Jinxing		see	1409	1409	xɑ̃₅₅	101	x ɑ̃ ⁵⁵
Tuolo		see	1409	1409	en₃₃qɛ₂₁	98	e n ³³ q ɛ ²¹
Enqi		see	1409	1409	ɛ₂₂tɯ₅₅la₂₂	100	ɛ ²² t ɯ ⁵⁵ l a ²²
Ega		see	1409	1409	e₂₂tɯ₄₄	99	e ²² t ɯ ⁴⁴
Gongxing		seed	714	714	ʦoŋ₂₂	103	ts o ŋ ²²
Jinman		seed	714	714	ʨõ₂₂	103	tɕ õ ²²
Mazhelong		seed	714	714	ʦoŋ₃₃	103	ts o ŋ ³³
Dashi		seed	714	714	t͡ʂoŋ₃₃	103	ʈʂ o ŋ ³³
Zhoucheng		seed	714	714	ʦɤ₃₃	103	ts ɤ ³³
Jinxing		seed	714	714	ʦɤ̃₃₃	103	ts ɤ̃ ³³
Tuolo		seed	714	714	t͡ʂɤŋ₃₃	103	ʈʂ ɤ ŋ ³³
Enqi		seed	714	714	ʨo₂₂	103	tɕ o ²²
Ega		seed	714	714	ʨu₂₂	103	tɕ u ²²
Gongxing		short	1645	1645	ʦʰwa₂₄	208	tsʰ w a ²⁴
Jinman		short	1645	1645	ʨʰi₅₅	208	tɕʰ i ⁵⁵
Mazhelong		short	1645	1645	ʦʰǝɯ₅₅	208	tsʰ əu ⁵⁵
Dashi		short	1645	1645	ʦʰɯ₅₅	208	tsʰ ɯ ⁵⁵
Zhoucheng		short	1645	1645	ʦʰɯ₅₅	208	tsʰ ɯ ⁵⁵
Jinxing		short	1645	1645	ʦʰɯ₅₅	208	tsʰ ɯ ⁵⁵
Tuolo		short	1645	1645	ʦʰɤ₄₂	208	tsʰ ɤ ⁴²
Enqi		short	1645	1645	ʦʰo₅₅	208	tsʰ o ⁵⁵
Ega		short	1645	1645	ʨʰi₅₅	208	tɕʰ i ⁵⁵
Gongxing		sit	1416	1416	kwa₄₂	104	k w a ⁴²
Jinman		sit	1416	1416	kɤ₄₂	104	k ɤ ⁴²
Mazhelong		sit	1416	1416	kɤ₄₂	104	k ɤ ⁴²
Dashi		sit	1416	1416	ko₄₂	104	k o ⁴²
Zhoucheng		sit	1416	1416	kɤ₄₂	104	k ɤ ⁴²
Jinxing		sit	1416	1416	kɤ₄₂	104	k ɤ ⁴²
Tuolo		sit	1416	1416	kɤ₂₁	104	k ɤ ²¹
Enqi		sit	1416	1416	ku₄₃	104	k u ⁴³
Ega		sit	1416	1416	kɤ₄₂	104	k ɤ ⁴²
Gongxing		skin	763	763	bi₁₂	105	b i ¹²
Jinman		skin	763	763	ʨyj₂₁	105	tɕ y j ²¹
Mazhelong		skin	763	763	pe₂₁	105	p e ²¹
Dashi		skin	763	763	pe₂₁	105	p e ²¹
Zhoucheng		skin	763	763	pe₂₁	105	p e ²¹
Jinxing		skin	763	763	pe₂₁	105	p e ²¹
Tuolo		skin	763	763	bi₃₅	105	b i ³⁵
Enqi		skin	763	763	pi₂₁	105	p i ²¹
Ega		skin	763	763	ʨyj₂₁qa₅₅	106	tɕ y j ²¹ q a ⁵⁵
Gongxing		sleep	1585	1585	nɛ₁₂	107	n ɛ ¹²
Jinman		sleep	1585	1585	wɤ̃₄₂ti₄₂	108	w ɤ̃ ⁴² t i ⁴²
Mazhelong		sleep	1585	1585	mi₅₅	111	m i ⁵⁵
Dashi		sleep	1585	1585	t͡ʂʰɚ̃₃₃	112	ʈʂʰ ə̃˞ ³³
Zhoucheng		sleep	1585	1585	ʦʰɛ₃₃	112	tsʰ ɛ ³³
Jinxing		sleep	1585	1585	ʦʰan₃₃	112	tsʰ a n ³³
Tuolo		sleep	1585	1585	ʐa₄₂ma₄₂	113	ʐ a ⁴² m a ⁴²
Enqi		sleep	1585	1585	ʦʰi₂₂	112	tsʰ i ²²
Ega		sleep	1585	1585	ŋu₄₂ti₄₂	108	ŋ u ⁴² t i ⁴²
Gongxing		small	1246	1246	sɛ₄₂	114	s ɛ ⁴²
Jinman		small	1246	1246	sẽ₄₂	114	s ẽ ⁴²
Mazhelong		small	1246	1246	sɛ₂₁	114	s ɛ ²¹
Dashi		small	1246	1246	sʰe₂₁	114	sʰ e ²¹
Zhoucheng		small	1246	1246	se₃₁	114	s e ³¹
Jinxing		small	1246	1246	se₃₁	114	s e ³¹
Tuolo		small	1246	1246	se₂₁	114	s e ²¹
Enqi		small	1246	1246	sɛ₄₃	114	s ɛ ⁴³
Ega		small	1246	1246	sɛ₄₂	114	s ɛ ⁴²
Gongxing		smoke	778	778	xwi₂₂ɕi₅₅	115	x w i ²² ɕ i ⁵⁵
Jinman		smoke	778	778	fi₂₂se₅₅	115	f i ²² s e ⁵⁵
Mazhelong		smoke	778	778	fi₃₃ɕen₅₅	115	f i ³³ ɕ e n ⁵⁵
Dashi		smoke	778	778	xwi₃₃ɕen₃₅	115	x w i ³³ ɕ e n ³⁵
Zhoucheng		smoke	778	778	xwi₃₃ɕe₅₅	115	x w i ³³ ɕ e ⁵⁵
Jinxing		smoke	778	778	xwi₃₃ɕen₅₅	115	x w i ³³ ɕ e n ⁵⁵
Tuolo		smoke	778	778	xwe₃₃ɕen₅₅	115	x w e ³³ ɕ e n ⁵⁵
Enqi		smoke	778	778	xwi₂₂si₂₄	115	x w i ²² s i ²⁴
Ega		smoke	778	778	fi₂₂sɛ₅₅	115	f i ²² s ɛ ⁵⁵
Gongxing		snake	730	730	t͡ʂʰi₂₂	209	ʈʂʰ i ²²
Jinman		snake	730	730	ʨʰɚ̃₂₂	209	tɕʰ ə̃˞ ²²
Mazhelong		snake	730	730	ʨʰiw₃₃	209	tɕʰ i w ³³
Dashi		snake	730	730	kʰo₃₃	209	kʰ o ³³
Zhoucheng		snake	730	730	kʰɤ₃₃	209	kʰ ɤ ³³
Jinxing		snake	730	730	kʰɤ₃₃	209	kʰ ɤ ³³
Tuolo		snake	730	730	t͡ʂʰɚ̃₃₃	209	ʈʂʰ ə̃˞ ³³
Enqi		snake	730	730	ʦʰɿ₂₂	209	tsʰ ɿ ²²
Ega		snake	730	730	ʦʰɛ₂₂	209	tsʰ ɛ ²²
Gongxing		stand	1442	1442	ji₂₁	116	j i ²¹
Jinman		stand	1442	1442	djõ₂₂	118	d j õ ²²
Mazhelong		stand	1442	1442	zi₄₂	119	z i ⁴²
Dashi		stand	1442	1442	t͡ʂɯ₂₁	118	ʈʂ ɯ ²¹
Zhoucheng		stand	1442	1442	ʦɯ₃₁	118	ts ɯ ³¹
Jinxing		stand	1442	1442	ʦɯ₃₁	118	ts ɯ ³¹
Tuolo		stand	1442	1442	ji₄₂kʰɯ₃₃	117	j i ⁴² kʰ ɯ ³³
Enqi		stand	1442	1442	djɯ₄₃	118	d j ɯ ⁴³
Ega		stand	1442	1442	ji₄₂	116	j i ⁴²
Ega		stand	1442	1442	ʥõ₂₂	118	dʑ õ ²²
Gongxing		star	1430	1430	san₅₅	120	s a n ⁵⁵
Jinman		star	1430	1430	ɕã₅₅	120	ɕ ã ⁵⁵
Mazhelong		star	1430	1430	ɕɚ̃₅₅	120	ɕ ə̃˞ ⁵⁵
Dashi		star	1430	1430	ɕɚ̃₅₅	120	ɕ ə̃˞ ⁵⁵
Zhoucheng		star	1430	1430	ɕɛ₅₅	120	ɕ ɛ ⁵⁵
Jinxing		star	1430	1430	ɕan₅₅	120	ɕ a n ⁵⁵
Tuolo		star	1430	1430	ɕaŋ₅₅	120	ɕ a ŋ ⁵⁵
Enqi		star	1430	1430	ɕæ₂₄	120	ɕ æ ²⁴
Ega		star	1430	1430	ɕa₅₅	120	ɕ a ⁵⁵
Gongxing		stone	857	857	ʣu₂₁qʰwɛ₅₅	122	dz u ²¹ qʰ w ɛ ⁵⁵
Jinman		stone	857	857	ʈo₂₁	121	ʈ o ²¹
Mazhelong		stone	857	857	ʦʰɤ₄₂	121	tsʰ ɤ ⁴²
Dashi		stone	857	857	t͡ʂow₄₂	121	ʈʂ o w ⁴²
Zhoucheng		stone	857	857	ʦow₄₂	121	ts o w ⁴²
Jinxing		stone	857	857	ʦow₄₂	121	ts o w ⁴²
Tuolo		stone	857	857	diw₄₂	121	d i w ⁴²
Enqi		stone	857	857	tiw₂₁	121	t i w ²¹
Ega		stone	857	857	ʨiw₄₂	121	tɕ i w ⁴²
Jinman		stone	857	857	da₄₂ŋã₂₁	123	d a ⁴² ŋ ã ²¹
Gongxing		sun	1343	1343	ɲi₂₄	124	ɲ i ²⁴
Jinman		sun	1343	1343	ɲi₅₅	124	ɲ i ⁵⁵
Mazhelong		sun	1343	1343	ɲɛ₄₄	124	ɲ ɛ ⁴⁴
Dashi		sun	1343	1343	jen₄₄	124	j e n ⁴⁴
Zhoucheng		sun	1343	1343	mi₄₄	124	m i ⁴⁴
Jinxing		sun	1343	1343	jjen₄₄	124	jː e n ⁴⁴
Tuolo		sun	1343	1343	jjen₄₂	124	jː e n ⁴²
Enqi		sun	1343	1343	ɲi₅₅	124	ɲ i ⁵⁵
Ega		sun	1343	1343	ɲi₄₄	124	ɲ i ⁴⁴
Gongxing		swim	1439	1439	ɕi₂₂qoŋ₅₅	125	ɕ i ²² q o ŋ ⁵⁵
Jinman		swim	1439	1439	ɕyj₂₂lu₂₁	128	ɕ y j ²² l u ²¹
Mazhelong		swim	1439	1439	ʦʰɛ₃₁ɕu₃₃si₅₅	130	tsʰ ɛ ³¹ ɕ u ³³ s i ⁵⁵
Dashi		swim	1439	1439	se₃₃pe₂₁	126	s e ³³ p e ²¹
Zhoucheng		swim	1439	1439	se₃₃ʦʰi₅₅kʰow₅₅	127	s e ³³ tsʰ i ⁵⁵ kʰ o w ⁵⁵
Jinxing		swim	1439	1439	se₃₃pe₂₁	126	s e ³³ p e ²¹
Tuolo		swim	1439	1439	fɤ₃₅ɕyj₃₃	132	f ɤ ³⁵ ɕ y j ³³
Enqi		swim	1439	1439	sɛ₂₄ɕyj₂₂	125	s ɛ ²⁴ ɕ y j ²²
Ega		swim	1439	1439	ɕyj₂₂qu₅₅	129	ɕ y j ²² q u ⁵⁵
Gongxing		tail	1220	1220	mu₂₂qwa₂₄	133	m u ²² q w a ²⁴
Jinman		tail	1220	1220	mo₂₂qwa₄₄	133	m o ²² q w a ⁴⁴
Mazhelong		tail	1220	1220	mi₃₃	134	m i ³³
Dashi		tail	1220	1220	wɤ₃₃to₅₅	136	w ɤ ³³ t o ⁵⁵
Zhoucheng		tail	1220	1220	mi₄₂tu₃₅	135	m i ⁴² t u ³⁵
Jinxing		tail	1220	1220	ɤ̃₃₃tɤ̃₅₅	136	ɤ̃ ³³ t ɤ̃ ⁵⁵
Tuolo		tail	1220	1220	mɔ₄₂qɔ₄₂	133	m ɔ ⁴² q ɔ ⁴²
Enqi		tail	1220	1220	mæ₂₂qwa₅₅	133	m æ ²² q w a ⁵⁵
Ega		tail	1220	1220	mu₂₂qwa₄₄	133	m u ²² q w a ⁴⁴
Gongxing		that	78	78	twa₅₅ɣǝ₂₁	137	t w a ⁵⁵ ɣ ə ²¹
Jinman		that	78	78	tõ₅₅	138	t õ ⁵⁵
Mazhelong		that	78	78	pu₃₃ʦoŋ₂₁	140	p u ³³ ts o ŋ ²¹
Dashi		that	78	78	na₅₅	141	n a ⁵⁵
Zhoucheng		that	78	78	na₅₅wi₃₃	142	n a ⁵⁵ w i ³³
Jinxing		that	78	78	no₅₅	141	n o ⁵⁵
Tuolo		that	78	78	bo₂₁	139	b o ²¹
Enqi		that	78	78	vɯ₄₃	143	v ɯ ⁴³
Ega		that	78	78	a₅₅po₂₁	144	a ⁵⁵ p o ²¹
Jinxing		that	78	78	lo₅₅	145	l o ⁵⁵
Gongxing		thin	1400	1400	bwa₂₁	210	b w a ²¹
Jinman		thin	1400	1400	po₄₂	210	p o ⁴²
Mazhelong		thin	1400	1400	pʰo₄₂	210	pʰ o ⁴²
Dashi		thin	1400	1400	pow₄₂	210	p o w ⁴²
Zhoucheng		thin	1400	1400	pow₄₂	210	p o w ⁴²
Jinxing		thin	1400	1400	pow₄₂	210	p o w ⁴²
Tuolo		thin	1400	1400	bɯ₄₂	210	b ɯ ⁴²
Enqi		thin	1400	1400	pɯ₂₁	210	p ɯ ²¹
Ega		thin	1400	1400	pu₄₂	210	p u ⁴²
Gongxing		this	1214	1214	ɣǝ₂₁	146	ɣ ə ²¹
Jinman		this	1214	1214	nõ₅₅	148	n õ ⁵⁵
Mazhelong		this	1214	1214	ne₃₃ʦoŋ₂₁	149	n e ³³ ts o ŋ ²¹
Dashi		this	1214	1214	a₅₅ta₃₃	151	a ⁵⁵ t a ³³
Zhoucheng		this	1214	1214	te₃₃le₃₁	153	t e ³³ l e ³¹
Jinxing		this	1214	1214	lɯ₃₁	154	l ɯ ³¹
Tuolo		this	1214	1214	djɯ₂₁	152	d j ɯ ²¹
Enqi		this	1214	1214	nɯ₅₅	148	n ɯ ⁵⁵
Ega		this	1214	1214	a₅₅na₂₄	150	a ⁵⁵ n a ²⁴
Mazhelong		this	1214	1214	lɛ₄₂	154	l ɛ ⁴²
Gongxing		thou	1215	1215	na₄₂	155	n a ⁴²
Jinman		thou	1215	1215	no₄₂	155	n o ⁴²
Mazhelong		thou	1215	1215	nen₄₂	155	n e n ⁴²
Dashi		thou	1215	1215	nõ₃₁	155	n õ ³¹
Zhoucheng		thou	1215	1215	no₃₁	155	n o ³¹
Jinxing		thou	1215	1215	now₃₁	155	n o w ³¹
Tuolo		thou	1215	1215	nɔ₂₁	155	n ɔ ²¹
Enqi		thou	1215	1215	no₄₃	155	n o ⁴³
Ega		thou	1215	1215	no₄₂	155	n o ⁴²
Gongxing		tongue	1205	1205	djɛ₂₁	156	d j ɛ ²¹
Jinman		tongue	1205	1205	ʈɚ₄₂	156	ʈ ə˞ ⁴²
Mazhelong		tongue	1205	1205	ʦʰɛ₄₂	156	tsʰ ɛ ⁴²
Dashi		tongue	1205	1205	t͡ʂe₄₂	156	ʈʂ e ⁴²
Zhoucheng		tongue	1205	1205	ʦe₄₂	156	ts e ⁴²
Jinxing		tongue	1205	1205	ʦe₄₂	156	ts e ⁴²
Tuolo		tongue	1205	1205	de₄₂	156	d e ⁴²
Enqi		tongue	1205	1205	tjɛ₂₁	156	t j ɛ ²¹
Ega		tongue	1205	1205	ti₂₁pʰɛ₄₂	157	t i ²¹ pʰ ɛ ⁴²
Gongxing		tooth	1380	1380	xu₅₅ja₂₁	158	x u ⁵⁵ j a ²¹
Jinman		tooth	1380	1380	ʨu₂₂pa₄₄	161	tɕ u ²² p a ⁴⁴
Mazhelong		tooth	1380	1380	ʦi₃₃pɑ₄₄	161	ts i ³³ p ɑ ⁴⁴
Dashi		tooth	1380	1380	t͡ʂʰi₄₄pa₄₄	161	ʈʂʰ i ⁴⁴ p a ⁴⁴
Zhoucheng		tooth	1380	1380	ʦi₃₃pa₄₄	161	ts i ³³ p a ⁴⁴
Jinxing		tooth	1380	1380	ʦɤ₄₄pɑ₄₄	161	ts ɤ ⁴⁴ p ɑ ⁴⁴
Tuolo		tooth	1380	1380	jaŋ₃₅	159	j a ŋ ³⁵
Enqi		tooth	1380	1380	qʰwa₂₂ɲa₂₁	163	qʰ w a ²² ɲ a ²¹
Ega		tooth	1380	1380	ʨu₂₂pa₄₄qwa₄₄	162	tɕ u ²² p a ⁴⁴ q w a ⁴⁴
Gongxing		tooth	1380	1380	t͡ʂi₂₁pa₂₄	161	ʈʂ i ²¹ p a ²⁴
Tuolo		tooth	1380	1380	ʨu₄₂po₄₂	161	tɕ u ⁴² p o ⁴²
Enqi		tooth	1380	1380	ʨu₂₂pa₅₅	161	tɕ u ²² p a ⁵⁵
Gongxing		tree	906	906	d͡ʐi₄₂	164	ɖʐ i ⁴²
Jinman		tree	906	906	ɖɯ₄₂	164	ɖ ɯ ⁴²
Mazhelong		tree	906	906	ʣǝɯ₂₁	164	dz əu ²¹
Dashi		tree	906	906	t͡ʂɯ₂₁	164	ʈʂ ɯ ²¹
Zhoucheng		tree	906	906	ʦɯ₃₁	164	ts ɯ ³¹
Jinxing		tree	906	906	ʦɯ₃₁	164	ts ɯ ³¹
Tuolo		tree	906	906	djɯ₂₁	164	d j ɯ ²¹
Enqi		tree	906	906	djɯ₄₃	164	d j ɯ ⁴³
Ega		tree	906	906	ʥi₄₂	164	dʑ i ⁴²
Gongxing		two	1498	1498	koŋ₃₃	165	k o ŋ ³³
Jinman		two	1498	1498	koŋ₃₃	165	k o ŋ ³³
Mazhelong		two	1498	1498	koŋ₃₃	165	k o ŋ ³³
Dashi		two	1498	1498	koŋ₃₃	165	k o ŋ ³³
Zhoucheng		two	1498	1498	kow₃₃	165	k o w ³³
Jinxing		two	1498	1498	kõ₃₃	165	k õ ³³
Tuolo		two	1498	1498	koŋ₃₃	165	k o ŋ ³³
Enqi		two	1498	1498	ku₂₂	165	k u ²²
Ega		two	1498	1498	kɤ₃₃	165	k ɤ ³³
Gongxing		walk(go)	1443	1443	ʁan₁₂	166	ʁ a n ¹²
Jinman		walk(go)	1443	1443	ja₅₅	167	j a ⁵⁵
Mazhelong		walk(go)	1443	1443	ɣaŋ₂₁	166	ɣ a ŋ ²¹
Dashi		walk(go)	1443	1443	pe₄₄	168	p e ⁴⁴
Zhoucheng		walk(go)	1443	1443	pe₄₄	168	p e ⁴⁴
Jinxing		walk(go)	1443	1443	pe₄₄	168	p e ⁴⁴
Tuolo		walk(go)	1443	1443	jɔ₄₂	167	j ɔ ⁴²
Enqi		walk(go)	1443	1443	ɴa₂₁	169	ɴ a ²¹
Ega		walk(go)	1443	1443	ŋa₂₁	169	ŋ a ²¹
Tuolo		walk(go)	1443	1443	ŋa₃₅	169	ŋ a ³⁵
Gongxing		warm	1232	1232	ɲi₂₄	170	ɲ i ²⁴
Jinman		warm	1232	1232	ɲi₄₄	170	ɲ i ⁴⁴
Mazhelong		warm	1232	1232	ɲɛ₄₄	170	ɲ ɛ ⁴⁴
Dashi		warm	1232	1232	jen₄₄	170	j e n ⁴⁴
Zhoucheng		warm	1232	1232	ɲe₄₄	170	ɲ e ⁴⁴
Jinxing		warm	1232	1232	jẽ₄₄	170	j ẽ ⁴⁴
Tuolo		warm	1232	1232	jen₄₂	170	j e n ⁴²
Enqi		warm	1232	1232	ɲi₅₅	170	ɲ i ⁵⁵
Ega		warm	1232	1232	ɲi₄₄	170	ɲ i ⁴⁴
Gongxing		water	948	948	ɕy₂₂	172	ɕ y ²²
Jinman		water	948	948	ɕyj₂₂	172	ɕ y j ²²
Mazhelong		water	948	948	ɕyj₃₃	172	ɕ y j ³³
Dashi		water	948	948	ɕuj₃₃	172	ɕ u j ³³
Zhoucheng		water	948	948	ɕyj₃₃	172	ɕ y j ³³
Jinxing		water	948	948	ɕyj₃₃	172	ɕ y j ³³
Tuolo		water	948	948	ɕyj₃₃	172	ɕ y j ³³
Enqi		water	948	948	ɕyj₂₂	172	ɕ y j ²²
Ega		water	948	948	ɕyj₂₂	172	ɕ y j ²²
Gongxing		we	1212	1212	ʁaŋ₂₄	173	ʁ a ŋ ²⁴
Jinman		we	1212	1212	ɲa₂₁t͡ʂɚ₂₂	175	ɲ a ²¹ ʈʂ ə˞ ²²
Mazhelong		we	1212	1212	ŋa₅₅xo₃₃	176	ŋ a ⁵⁵ x o ³³
Dashi		we	1212	1212	ɲã₅₅	174	ɲ ã ⁵⁵
Zhoucheng		we	1212	1212	ɲa₅₅	174	ɲ a ⁵⁵
Jinxing		we	1212	1212	jɑ̃₅₅	174	j ɑ̃ ⁵⁵
Tuolo		we	1212	1212	a₅₅ŋɔ₂₁	177	a ⁵⁵ ŋ ɔ ²¹
Enqi		we	1212	1212	a₅₅ʁo₂₁	178	a ⁵⁵ ʁ o ²¹
Ega		we	1212	1212	ɲo₂₁ɣo₂₂	176	ɲ o ²¹ ɣ o ²²
Gongxing		we	1212	1212	ŋa₄₂xõ₂₂	176	ŋ a ⁴² x õ ²²
Jinman		we	1212	1212	mi₅₅	174	m i ⁵⁵
Jinxing		we	1212	1212	ŋɑ₅₅	174	ŋ ɑ ⁵⁵
Tuolo		we	1212	1212	we₅₅	179	w e ⁵⁵
Enqi		we	1212	1212	wi₂₄ʦɿ₂₁	180	w i ²⁴ ts ɿ ²¹
Ega		we	1212	1212	ŋwi₅₅	174	ŋ w i ⁵⁵
Gongxing		what	1236	1236	a₅₅qʰa₅₅	181	a ⁵⁵ qʰ a ⁵⁵
Jinman		what	1236	1236	a₅₅xã₄₂	181	a ⁵⁵ x ã ⁴²
Mazhelong		what	1236	1236	a₅₅se₅₅	182	a ⁵⁵ s e ⁵⁵
Dashi		what	1236	1236	ɚ₅₅xɚ₄₂	181	ə˞ ⁵⁵ x ə˞ ⁴²
Zhoucheng		what	1236	1236	xa₃₁le₃₁	183	x a ³¹ l e ³¹
Jinxing		what	1236	1236	ɑ₅₅xan₃₁	181	ɑ ⁵⁵ x a n ³¹
Tuolo		what	1236	1236	a₅₅haŋ₂₁	181	a ⁵⁵ h a ŋ ²¹
Enqi		what	1236	1236	a₅₅χa₅₅	181	a ⁵⁵ χ a ⁵⁵
Ega		what	1236	1236	a₅₅xa₄₂	181	a ⁵⁵ x a ⁴²
Gongxing		white	1335	1335	bæ₂₁	184	b æ ²¹
Jinman		white	1335	1335	pa₄₂	184	p a ⁴²
Mazhelong		white	1335	1335	pʰɚ₄₂	184	pʰ ə˞ ⁴²
Dashi		white	1335	1335	pɚ₄₂	184	p ə˞ ⁴²
Zhoucheng		white	1335	1335	pɛ₄₂	184	p ɛ ⁴²
Jinxing		white	1335	1335	pa₄₂	184	p a ⁴²
Tuolo		white	1335	1335	ba₄₂	184	b a ⁴²
Enqi		white	1335	1335	pa₂₁	184	p a ²¹
Ega		white	1335	1335	pa₄₂	184	p a ⁴²
Gongxing		who	1235	1235	a₂₂ma₅₅bu₂₂ɲǝn₂₄	186	a ²² m a ⁵⁵ b u ²² ɲ ə n ²⁴
Jinman		who	1235	1235	a₅₅ma₅₅	185	a ⁵⁵ m a ⁵⁵
Mazhelong		who	1235	1235	a₅₅to₃₃	188	a ⁵⁵ t o ³³
Dashi		who	1235	1235	a₅₅ma₃₃tjɯ₃₁	187	a ⁵⁵ m a ³³ t j ɯ ³¹
Zhoucheng		who	1235	1235	a₅₅ɲi₂₁	189	a ⁵⁵ ɲ i ²¹
Jinxing		who	1235	1235	ɑ₃₁tow₃₁	188	ɑ ³¹ t o w ³¹
Tuolo		who	1235	1235	a₂₁do₃₅	188	a ²¹ d o ³⁵
Enqi		who	1235	1235	a₄₃to₂₁	188	a ⁴³ t o ²¹
Ega		who	1235	1235	a₅₅to₂₁	188	a ⁵⁵ t o ²¹
Jinxing		who	1235	1235	ɑ₅₅nɑ̃₄₄jen₂₁	190	ɑ ⁵⁵ n ɑ̃ ⁴⁴ j e n ²¹
Gongxing		wind	960	960	ʨwen₅₅	211	tɕ w e n ⁵⁵
Jinman		wind	960	960	ʨyj₅₅	211	tɕ y j ⁵⁵
Mazhelong		wind	960	960	pjen₅₅	211	p j e n ⁵⁵
Dashi		wind	960	960	pjɛ̃₃₅	211	p j ɛ̃ ³⁵
Zhoucheng		wind	960	960	pi₃₅	211	p i ³⁵
Jinxing		wind	960	960	pi₅₅	211	p i ⁵⁵
Tuolo		wind	960	960	ʨwen₅₅	211	tɕ w e n ⁵⁵
Enqi		wind	960	960	ʦwɛ₂₄	211	ts w ɛ ²⁴
Ega		wind	960	960	ʨyj₅₅	211	tɕ y j ⁵⁵
Jinman		woman	962	962	ɲu₂₂ɲi₂₁ʦi₂₂	193	ɲ u ²² ɲ i ²¹ ts i ²²
Mazhelong		woman	962	962	ɲõ₃₃ɲĩ₂₁	197	ɲ õ ³³ ɲ ĩ ²¹
Dashi		woman	962	962	jũ₃₃lã₄₂	195	j ũ ³³ l ã ⁴²
Zhoucheng		woman	962	962	ɲɤ₃₃	192	ɲ ɤ ³³
Jinxing		woman	962	962	jɤ̃₃₃jen₂₁jen₂₁	196	j ɤ̃ ³³ j e n ²¹ j e n ²¹
Tuolo		woman	962	962	jen₃₅hoŋ₅₅mo₃₃	198	j e n ³⁵ h o ŋ ⁵⁵ m o ³³
Ega		woman	962	962	ɲyj₂₂ʦi₂₂	194	ɲ y j ²² ts i ²²
Gongxing		worm	1219	1219	ʣwa₁₂	212	dz w a ¹²
Jinman		worm	1219	1219	ʨu₂₁	212	tɕ u ²¹
Mazhelong		worm	1219	1219	ʣõ₂₁	212	dz õ ²¹
Dashi		worm	1219	1219	t͡ʂo₂₁	212	ʈʂ o ²¹
Zhoucheng		worm	1219	1219	ʦɤ₂₁	212	ts ɤ ²¹
Jinxing		worm	1219	1219	ʦɤ₂₁	212	ts ɤ ²¹
Tuolo		worm	1219	1219	ʐɤ₃₅	212	ʐ ɤ ³⁵
Enqi		worm	1219	1219	ʨo₂₁	212	tɕ o ²¹
Ega		worm	1219	1219	ʨu₂₁	212	tɕ u ²¹
Gongxing		year	1226	1226	swa₂₄	213	s w a ²⁴
Jinman		year	1226	1226	swa₅₅	213	s w a ⁵⁵
Mazhelong		year	1226	1226	swa₄₄	213	s w a ⁴⁴
Dashi		year	1226	1226	sʰwa₄₄	213	sʰ w a ⁴⁴
Zhoucheng		year	1226	1226	swa₄₄	213	s w a ⁴⁴
Jinxing		year	1226	1226	swɑ₄₄	213	s w ɑ ⁴⁴
Tuolo		year	1226	1226	swɔ₄₂	213	s w ɔ ⁴²
Enqi		year	1226	1226	swa₅₅	213	s w a ⁵⁵
Ega		year	1226	1226	swa₄₄	213	s w a ⁴⁴
Gongxing		yellow	1424	1424	ʁaŋ₁₂	199	ʁ a ŋ ¹²
Jinman		yellow	1424	1424	õ₂₁	199	õ ²¹
Mazhelong		yellow	1424	1424	ɣoŋ₂₁	199	ɣ o ŋ ²¹
Dashi		yellow	1424	1424	wɤ̃₂₁	199	w ɤ̃ ²¹
Zhoucheng		yellow	1424	1424	ŋɤ₂₁	199	ŋ ɤ ²¹
Jinxing		yellow	1424	1424	ɤ̃₂₁	199	ɤ̃ ²¹
Tuolo		yellow	1424	1424	ŋoŋ₃₅	199	ŋ o ŋ ³⁵
Enqi		yellow	1424	1424	ʁo₂₁	199	ʁ o ²¹
Ega		yellow	1424	1424	ŋõ₂₁	199	ŋ õ ²¹
