local_id	local_gloss	global_gloss	global_id
I	I	I	1209
all	all	ALL	98
and	and	AND	1577
animal	animal	ANIMAL	619
ant	ant	ANT	587
ashes	ashes	ASH	646
at	at	AT	1461
back	back	BACK	1291
bad	bad	BAD	1292
bark	bark	BARK	1204
because	because	BECAUSE	1157
belly	belly	BELLY	1251
big	big	BIG	1202
bird	bird	BIRD	937
bite	bite	BITE	1403
black	black	BLACK	163
blood	blood	BLOOD	946
blow	blow	BLOW (OF WIND)	175
bone	bone	BONE	1394
breast	breast	BREAST	1402
breathe	breathe	BREATHE	1407
burn	burn	BURN	2102
child	child	CHILD	2099
cloud	cloud	CLOUD	1489
cold	cold	COLD (OF TEMPERATURE)	1287
come	come	COME	1446
count	count	COUNT	1420
cut	cut	CUT	1432
day	day	DAY (NOT NIGHT)	1225
die	die	DIE	1494
dig	dig	DIG	1418
dirty	dirty	DIRTY	1230
dog	dog	DOG	2009
drink	drink	DRINK	1401
dry	dry	DRY	1398
dull	dull	BLUNT	379
dust	dust	DUST	2
ear	ear	EAR	1247
earth	earth	EARTH (SOIL)	1228
eat	eat	EAT	1336
egg	egg	EGG	744
eye	eye	EYE	1248
fall	fall	FALL	1280
far	far	FAR	1406
fat	fat	FAT (SUBSTANCE)	1282
father	father	FATHER	1217
fear	fear	FEAR (BE AFRAID)	1419
feather	feather	FEATHER	1201
few	few	FEW	1242
fight	fight	FIGHT	1423
fingernail	fingernail	FINGERNAIL	1258
fire	fire	FIRE	221
fish	fish	FISH	227
five	five	FIVE	493
float	float	FLOAT	1574
flow	flow	FLOW	2003
flower	flower	FLOWER	239
fly	fly	FLY (MOVE THROUGH AIR)	1441
fog	fog	FOG	249
foot	foot	FOOT	1301
four	four	FOUR	1500
freeze	freeze	FREEZE	1431
fruit	fruit	FRUIT	1507
full	full	FULL	1429
give	give	GIVE	1447
good	good	GOOD	1035
grass	grass	GRASS	606
green	green	GREEN	1425
guts	guts	INTESTINES	1991
hair	hair	HAIR	1040
hand	hand	HAND	1277
he	he	HE	1211
head	head	HEAD	1256
hear	hear	HEAR	1408
heart	heart	HEART	1223
heavy	heavy	HEAVY	1210
here	here	HERE	136
hit	hit	HIT	1433
hold	hold	HOLD	1448
horn	horn	HORN (KERATINIZED SKIN)	1393
how	how	HOW	1239
hunt	hunt	HUNT	1435
husband	husband	HUSBAND	1200
ice	ice	ICE	617
if	if	IF	1459
in	in	IN	1460
kill	kill	KILL	1417
knee	knee	KNEE	1371
know	know	KNOW (SOMETHING)	1410
lake	lake	LAKE	624
laugh	laugh	LAUGH	1355
leaf	leaf	LEAF	628
left	left	LEFT	244
leg	leg	LEG	1297
lie	lie	LIE (REST)	1411
live	live	BE ALIVE	1422
liver	liver	LIVER	1224
long	long	LONG	1203
louse	louse	LOUSE	1392
man	man	MAN	1554
many	many	MANY	1198
meat	meat	MEAT	634
moon	moon	MOON	1313
mother	mother	MOTHER	1216
mountain	mountain	MOUNTAIN	639
mouth	mouth	MOUTH	674
name	name	NAME	1405
narrow	narrow	NARROW	1267
near	near	NEAR	1942
neck	neck	NECK	1333
new	new	NEW	1231
night	night	NIGHT	1233
nose	nose	NOSE	1221
not	not	NOT	1240
old	old	OLD	1229
one	one	ONE	1493
other	other	OTHER	197
person	person	PERSON	683
play	play	PLAY	1413
pull	pull	PULL	1455
push	push	PUSH	1452
rain	rain	RAIN (PRECIPATION)	658
red	red	RED	156
right	right	RIGHT	1019
rightside	rightside	RIGHT	1019
river	river	RIVER	666
road	road	ROAD	667
root	root	ROOT	670
rope	rope	ROPE	1218
rotten	rotten	ROTTEN	1728
round	round	ROUND	1395
rub	rub	RUB	1449
salt	salt	SALT	1274
sand	sand	SAND	671
say	say	SAY	1458
scratch	scratch	SCRATCH	1436
sea	sea	SEA	1474
see	see	SEE	1409
seed	seed	SEED	714
sew	sew	SEW	1457
sharp	sharp	SHARP	1396
short	short	SHORT	1645
sing	sing	SING	1261
sit	sit	SIT	1416
skin	skin	SKIN	763
sky	sky	SKY	1732
sleep	sleep	SLEEP	1585
small	small	SMALL	1246
smell	smell	SMELL (PERCEIVE)	1586
smoke	smoke	SMOKE (EXHAUST)	778
smooth	smooth	SMOOTH	1234
snake	snake	SNAKE	730
snow	snow	SNOW	784
some	some	SOME	1241
spit	spit	SPIT	1440
split	split	SPLIT	1437
squeeze	squeeze	SQUEEZE	1414
stab	stab	STAB	1434
stand	stand	STAND	1442
star	star	STAR	1430
stick	stick	STICK	1295
stone	stone	STONE	857
straight	straight	STRAIGHT	1404
suck	suck	SUCK	1421
sun	sun	SUN	1343
swell	swell	SWELL	1573
swim	swim	SWIM	1439
tail	tail	TAIL	1220
that	that	THAT	78
there	there	THERE	1937
they	they	THEY	817
thick	thick	THICK	1244
thin	thin	THIN	1400
think	think	THINK	2271
this	this	THIS	1214
thou	thou	THOU	1215
three	three	THREE	492
throw	throw	THROW	1456
tie	tie	FASTEN	1094
tongue	tongue	TONGUE	1205
tooth	tooth	TOOTH	1380
tree	tree	TREE	906
turn	turn	TURN	1588
two	two	TWO	1498
vomit	vomit	VOMIT	1278
walk	walk	WALK	1443
warm	warm	WARM	1232
wash	wash	WASH	1453
water	water	WATER	948
we	we	WE	1212
wet	wet	WET	1726
what	what	WHAT	1236
when	when	WHEN	1238
where	where	WHERE	1237
white	white	WHITE	1335
who	who	WHO	1235
wide	wide	WIDE	1243
wife	wife	WIFE	1199
wind	wind	WIND	960
wing	wing	WING	1257
wipe	wipe	WIPE	1454
with	with	WITH	1340
woman	woman	WOMAN	962
woods	woods	FOREST	420
worm	worm	WORM	1219
year	year	YEAR	1226
yellow	yellow	YELLOW	1424
you	you	YOU	1213
