language	iso_code	gloss	global_id	local_id	transcription	cognate_class	notes
SYRIAC_2	syc	I	1209	1	ena	21	
ARABIC_QURANIC	arb	I	1209	1	ana	21	
ARABIC_LEBANESE	apc	I	1209	1	ani	21	
GEEZ	gez	I	1209	1	ana	21	
TIGRAI	tir	I	1209	1	ane	21	
AMHARIC_3	amh	I	1209	1	3ne	21	
HARARI_2	har	I	1209	1	an	21	
MEHRI_2	gdq	I	1209	1	hoh	22	
JIBBALI	shv	I	1209	1	he	22	also: he7
SOQOTRI_2	sqt	I	1209	1	hohon	22	
SIWA	siz	I	1209	1	niS	21	also: n3S
GHADAMES_2	gha	I	1209	1	neS	21	
AHAGGAR	thv	I	1209	1	n3k	21	
ZENAGA_2	zen	I	1209	1	nik	21	
QABYLE	kab	I	1209	1	n3k	21	
HAUSA_3	hau	I	1209	1	na	21	
BOLEWA	bol	I	1209	1	ina	21	
BEJA_2	bej	I	1209	1	ani	21	
OROMO	gaz	I	1209	1	ana	21	also: ani
DAHALO_2	dal	I	1209	1	a5i	21	
KAFFA	kbr	I	1209	1	ta	24	
SYRIAC_2	syc	come	1446	66	ty	3	
ARABIC_QURANIC	arb	come	1446	66	ty	3	also: j7y
ARABIC_LEBANESE	apc	come	1446	66	3Za	4	
GEEZ	gez	come	1446	66	mc7	5	
TIGRAI	tir	come	1446	66	masX~7e	5	
AMHARIC_3	amh	come	1446	66	m3ta	5	
HARARI_2	har	come	1446	66	%diZa	-2	
MEHRI_2	gdq	come	1446	66	nukaX	6	
JIBBALI	shv	come	1446	66	nikaX	6	
SOQOTRI_2	sqt	come	1446	66	gedah	7	
SIWA	siz	come	1446	66	us	9	
GHADAMES_2	gha	come	1446	66	as	9	
AHAGGAR	thv	come	1446	66	as	9	
ZENAGA_2	zen	come	1446	66	Sed	10	
QABYLE	kab	come	1446	66	as	9	
HAUSA_3	hau	come	1446	66	zo	11	
BOLEWA	bol	come	1446	66	diNgo	12	
BEJA_2	bej	come	1446	66	yit	8	also: i
OROMO	gaz	come	1446	66	dufa	13	
DAHALO_2	dal	come	1446	66	haX	14	
KAFFA	kbr	come	1446	66	wa	8	
SYRIAC_2	syc	water	948	75	maye	1	
ARABIC_QURANIC	arb	water	948	75	ma	1	
ARABIC_LEBANESE	apc	water	948	75	may	1	
GEEZ	gez	water	948	75	may	1	
TIGRAI	tir	water	948	75	may	1	
AMHARIC_3	amh	water	948	75	%w3ha	-2	
HARARI_2	har	water	948	75	miy	1	
MEHRI_2	gdq	water	948	75	Xemuh	1	
JIBBALI	shv	water	948	75	mih	1	
SOQOTRI_2	sqt	water	948	75	riho	2	
SIWA	siz	water	948	75	aman	3	
GHADAMES_2	gha	water	948	75	aman	3	
AHAGGAR	thv	water	948	75	aman	3	
ZENAGA_2	zen	water	948	75	aman	3	also: am3nh~
QABYLE	kab	water	948	75	aman	3	
HAUSA_3	hau	water	948	75	ruwa	2	
BOLEWA	bol	water	948	75	3ma	3	
BEJA_2	bej	water	948	75	yam	3	
OROMO	gaz	water	948	75	bisan	4	
DAHALO_2	dal	water	948	75	ma7a	1	
KAFFA	kbr	water	948	75	aCo	5	
SYRIAC_2	syc	mountain	639	86	tX~ur	53	
ARABIC_QURANIC	arb	mountain	639	86	Zabal	54	
ARABIC_LEBANESE	apc	mountain	639	86	Zabel	54	
GEEZ	gez	mountain	639	86	dab3r	55	
TIGRAI	tir	mountain	639	86	%mba	-2	
AMHARIC_3	amh	mountain	639	86	t3rara	56	
HARARI_2	har	mountain	639	86	sEri	57	
MEHRI_2	gdq	mountain	639	86	karmaym	58	
JIBBALI	shv	mountain	639	86	her	59	
SOQOTRI_2	sqt	mountain	639	86	fedehon	60	
SIWA	siz	mountain	639	86	adrar	62	
GHADAMES_2	gha	mountain	639	86	adurar	62	
AHAGGAR	thv	mountain	639	86	adrar	62	
ZENAGA_2	zen	mountain	639	86	%3rg3m	-2	
QABYLE	kab	mountain	639	86	adrar	62	
HAUSA_3	hau	mountain	639	86	"duC""e"	63	
BOLEWA	bol	mountain	639	86	guoS3w	64	
BEJA_2	bej	mountain	639	86	%reba	-2	
OROMO	gaz	mountain	639	86	tulu	65	
DAHALO_2	dal	mountain	639	86	%mulima	-2	
KAFFA	kbr	mountain	639	86	gudo	66	
SYRIAC_2	syc	sun	1343	72	SemS	1	
ARABIC_QURANIC	arb	sun	1343	72	Sams	1	
ARABIC_LEBANESE	apc	sun	1343	72	Sam3s	1	
GEEZ	gez	sun	1343	72	daXay	2	
TIGRAI	tir	sun	1343	72	sX~aXay	2	
AMHARIC_3	amh	sun	1343	72	tehay	2	also: s3hay, tay
HARARI_2	har	sun	1343	72	ir	3	
MEHRI_2	gdq	sun	1343	72	X3yum	4	
JIBBALI	shv	sun	1343	72	yum	4	
SOQOTRI_2	sqt	sun	1343	72	Sam	1	
SIWA	siz	sun	1343	72	tfukt	6	
GHADAMES_2	gha	sun	1343	72	isi	7	
AHAGGAR	thv	sun	1343	72	tafuk	6	
ZENAGA_2	zen	sun	1343	72	t37fukt	6	
QABYLE	kab	sun	1343	72	itiZ	8	
HAUSA_3	hau	sun	1343	72	rana	9	
BOLEWA	bol	sun	1343	72	futi	10	
BEJA_2	bej	sun	1343	72	yin	11	also: in
OROMO	gaz	sun	1343	72	adu	12	
DAHALO_2	dal	sun	1343	72	%ado	-2	
KAFFA	kbr	sun	1343	72	abo	13	
SYRIAC_2	syc	star	1430	74	kawb3b	71	
ARABIC_QURANIC	arb	star	1430	74	kawkab	71	
ARABIC_LEBANESE	apc	star	1430	74	niZmi	72	
GEEZ	gez	star	1430	74	kokab	71	
TIGRAI	tir	star	1430	74	kokob	71	
AMHARIC_3	amh	star	1430	74	kok3b	71	
HARARI_2	har	star	1430	74	tuy	73	
MEHRI_2	gdq	star	1430	74	kebkib	71	
JIBBALI	shv	star	1430	74	k3bkeb	71	
SOQOTRI_2	sqt	star	1430	74	kibSib	71	
SIWA	siz	star	1430	74	iri	75	
GHADAMES_2	gha	star	1430	74	iri	75	
AHAGGAR	thv	star	1430	74	atri	76	
ZENAGA_2	zen	star	1430	74	ed3ri	76	
QABYLE	kab	star	1430	74	itri	76	
HAUSA_3	hau	star	1430	74	tauraro	76	
BOLEWA	bol	star	1430	74	janja	77	
BEJA_2	bej	star	1430	74	hayuk	78	
OROMO	gaz	star	1430	74	urji	79	
DAHALO_2	dal	star	1430	74	%!ingilXe	-2	
KAFFA	kbr	star	1430	74	tojano	80	
SYRIAC_2	syc	one	1493	11	Xad	72	
ARABIC_QURANIC	arb	one	1493	11	waXid	72	
ARABIC_LEBANESE	apc	one	1493	11	w3Xad	72	
GEEZ	gez	one	1493	11	aXadu	72	
TIGRAI	tir	one	1493	11	Xada	72	
AMHARIC_3	amh	one	1493	11	and	72	
HARARI_2	har	one	1493	11	aXad	72	
MEHRI_2	gdq	one	1493	11	tat	73	also: tayt
JIBBALI	shv	one	1493	11	tad	73	
SOQOTRI_2	sqt	one	1493	11	tad	73	
SIWA	siz	one	1493	11	3j3n	74	
GHADAMES_2	gha	one	1493	11	yun	74	
AHAGGAR	thv	one	1493	11	y3n	74	also: iyan
ZENAGA_2	zen	one	1493	11	yu7u	74	also: 3yu7n
QABYLE	kab	one	1493	11	yiw3n	74	
HAUSA_3	hau	one	1493	11	daya	75	
BOLEWA	bol	one	1493	11	modi	75	
BEJA_2	bej	one	1493	11	gar	76	also: gal
OROMO	gaz	one	1493	11	toko	77	
DAHALO_2	dal	one	1493	11	watukw~e	77	
KAFFA	kbr	one	1493	11	iko	78	
SYRIAC_2	syc	two	1498	12	taren	52	
ARABIC_QURANIC	arb	two	1498	12	i8nani	51	
ARABIC_LEBANESE	apc	two	1498	12	tneyn	51	
GEEZ	gez	two	1498	12	k3l7e	53	
TIGRAI	tir	two	1498	12	k3l3te	53	
AMHARIC_3	amh	two	1498	12	hul3t	53	
HARARI_2	har	two	1498	12	ko7ot	53	
MEHRI_2	gdq	two	1498	12	deroh	52	
JIBBALI	shv	two	1498	12	troh	52	
SOQOTRI_2	sqt	two	1498	12	tiro	52	
SIWA	siz	two	1498	12	s3n	51	
GHADAMES_2	gha	two	1498	12	s3n	51	
AHAGGAR	thv	two	1498	12	3sin	51	
ZENAGA_2	zen	two	1498	12	Sinan	51	
QABYLE	kab	two	1498	12	sin	51	
HAUSA_3	hau	two	1498	12	biyu	54	
BOLEWA	bol	two	1498	12	bolo	54	
BEJA_2	bej	two	1498	12	malo	55	
OROMO	gaz	two	1498	12	lama	56	
DAHALO_2	dal	two	1498	12	li	56	
KAFFA	kbr	two	1498	12	guto	57	
SYRIAC_2	syc	stone	857	77	k3p	82	
ARABIC_QURANIC	arb	stone	857	77	XaZar	83	
ARABIC_LEBANESE	apc	stone	857	77	XaZar	83	
GEEZ	gez	stone	857	77	3b3n	81	
TIGRAI	tir	stone	857	77	3m3ni	81	
AMHARIC_3	amh	stone	857	77	%d3ngay	-2	
HARARI_2	har	stone	857	77	un	81	
MEHRI_2	gdq	stone	857	77	cower	84	
JIBBALI	shv	stone	857	77	fudun	85	
SOQOTRI_2	sqt	stone	857	77	oben	81	
SIWA	siz	stone	857	77	txox3t	87	
GHADAMES_2	gha	stone	857	77	ir3g	88	
AHAGGAR	thv	stone	857	77	ablal	89	
ZENAGA_2	zen	stone	857	77	ti7rg3t	88	
QABYLE	kab	stone	857	77	adxax	90	
HAUSA_3	hau	stone	857	77	"duc""e"	91	
BOLEWA	bol	stone	857	77	guso	92	
BEJA_2	bej	stone	857	77	%awe	-2	
OROMO	gaz	stone	857	77	daga	93	
DAHALO_2	dal	stone	857	77	%mawete	-2	
KAFFA	kbr	stone	857	77	taqo	94	
SYRIAC_2	syc	skin	763	28	meSk	71	
ARABIC_QURANIC	arb	skin	763	28	Zild	73	
ARABIC_LEBANESE	apc	skin	763	28	Zild	73	
GEEZ	gez	skin	763	28	maX3s	74	
TIGRAI	tir	skin	763	28	kw~3rbat	75	
AMHARIC_3	amh	skin	763	28	kod3	76	
HARARI_2	har	skin	763	28	%goga	-2	
MEHRI_2	gdq	skin	763	28	gEd	73	
JIBBALI	shv	skin	763	28	god	73	
SOQOTRI_2	sqt	skin	763	28	gad	73	
SIWA	siz	skin	763	28	il3m	77	
GHADAMES_2	gha	skin	763	28	il3m	77	
AHAGGAR	thv	skin	763	28	el3m	77	
ZENAGA_2	zen	skin	763	28	3j3m	77	
QABYLE	kab	skin	763	28	agw~lim	78	
HAUSA_3	hau	skin	763	28	fata	79	
BOLEWA	bol	skin	763	28	iSi	80	
BEJA_2	bej	skin	763	28	ada	81	
OROMO	gaz	skin	763	28	goga	82	
DAHALO_2	dal	skin	763	28	gino	83	
KAFFA	kbr	skin	763	28	goko	82	also: goqo
SYRIAC_2	syc	fire	221	82	nur	92	
ARABIC_QURANIC	arb	fire	221	82	nar	92	
ARABIC_LEBANESE	apc	fire	221	82	nar	92	
GEEZ	gez	fire	221	82	3sat	91	
TIGRAI	tir	fire	221	82	Xawi	93	
AMHARIC_3	amh	fire	221	82	3sat	91	
HARARI_2	har	fire	221	82	isat	91	
MEHRI_2	gdq	fire	221	82	siwot	94	
JIBBALI	shv	fire	221	82	Sot	94	
SOQOTRI_2	sqt	fire	221	82	Siyat	94	
SIWA	siz	fire	221	82	t3msi	97	
GHADAMES_2	gha	fire	221	82	ufa	98	
AHAGGAR	thv	fire	221	82	temse	97	
ZENAGA_2	zen	fire	221	82	ozun	99	
QABYLE	kab	fire	221	82	tim3s	97	
HAUSA_3	hau	fire	221	82	wuta	10	
BOLEWA	bol	fire	221	82	w3si	91	
BEJA_2	bej	fire	221	82	n7a	1	
OROMO	gaz	fire	221	82	ibida	2	also: abida
DAHALO_2	dal	fire	221	82	ega	3	
KAFFA	kbr	fire	221	82	qaqo	4	
SYRIAC_2	syc	fish	227	19	nun	11	
ARABIC_QURANIC	arb	fish	227	19	Xut	13	
ARABIC_LEBANESE	apc	fish	227	19	nun	11	
GEEZ	gez	fish	227	19	%Xasa	-2	
TIGRAI	tir	fish	227	19	%Xasa	-2	
AMHARIC_3	amh	fish	227	19	%asa	-2	
HARARI_2	har	fish	227	19	tulEm	14	
MEHRI_2	gdq	fish	227	19	cayd	15	
JIBBALI	shv	fish	227	19	cod	15	
SOQOTRI_2	sqt	fish	227	19	sode	15	
GHADAMES_2	gha	fish	227	19	ulisma	17	
AHAGGAR	thv	fish	227	19	asulm3y	17	
ZENAGA_2	zen	fish	227	19	sijman	17	
QABYLE	kab	fish	227	19	asl3m	17	
HAUSA_3	hau	fish	227	19	kifi	18	
BOLEWA	bol	fish	227	19	kirwo	18	
BEJA_2	bej	fish	227	19	asa	19	also: ase
OROMO	gaz	fish	227	19	qurtumi	20	
DAHALO_2	dal	fish	227	19	mb~alabe	21	
KAFFA	kbr	fish	227	19	haso	19	
SYRIAC_2	syc	dog	2009	21	kalb	31	
ARABIC_QURANIC	arb	dog	2009	21	kalb	31	
ARABIC_LEBANESE	apc	dog	2009	21	kal3b	31	
GEEZ	gez	dog	2009	21	kal3b	31	
TIGRAI	tir	dog	2009	21	kalbi	31	
AMHARIC_3	amh	dog	2009	21	%wuSa	-2	also: %w3Sa
HARARI_2	har	dog	2009	21	%buCi	-2	
MEHRI_2	gdq	dog	2009	21	mbayl	32	
JIBBALI	shv	dog	2009	21	kob	31	
SOQOTRI_2	sqt	dog	2009	21	%kalb	-2	
SIWA	siz	dog	2009	21	agurz3ni	35	
GHADAMES_2	gha	dog	2009	21	idi	36	
AHAGGAR	thv	dog	2009	21	eydi	36	
ZENAGA_2	zen	dog	2009	21	idi	36	
QABYLE	kab	dog	2009	21	aydi	36	
HAUSA_3	hau	dog	2009	21	kare	37	
BOLEWA	bol	dog	2009	21	kuti	38	
BEJA_2	bej	dog	2009	21	yas	39	
OROMO	gaz	dog	2009	21	sare	40	
DAHALO_2	dal	dog	2009	21	naXete	41	
KAFFA	kbr	dog	2009	21	kuna5	42	
SYRIAC_2	syc	louse	1392	22	kalm3t	73	
ARABIC_QURANIC	arb	louse	1392	22	kumal	73	
ARABIC_LEBANESE	apc	louse	1392	22	amol	73	
GEEZ	gez	louse	1392	22	kw~3mal	73	
TIGRAI	tir	louse	1392	22	kw3mal	73	
AMHARIC_3	amh	louse	1392	22	k3mal	73	
HARARI_2	har	louse	1392	22	kumay	73	
MEHRI_2	gdq	louse	1392	22	kenmit	72	
JIBBALI	shv	louse	1392	22	sinit	72	
SOQOTRI_2	sqt	louse	1392	22	konum	72	
SIWA	siz	louse	1392	22	talS3t	75	
GHADAMES_2	gha	louse	1392	22	tal3kt	75	
AHAGGAR	thv	louse	1392	22	tilik	75	
ZENAGA_2	zen	louse	1392	22	t3l3kt	75	
QABYLE	kab	louse	1392	22	tilkit	75	
HAUSA_3	hau	louse	1392	22	kw~arkw~ata	76	
BOLEWA	bol	louse	1392	22	j3Nk3ri	77	
BEJA_2	bej	louse	1392	22	tat	78	
OROMO	gaz	louse	1392	22	injiran	79	pl
DAHALO_2	dal	louse	1392	22	itore	78	
KAFFA	kbr	louse	1392	22	Cindo	80	
SYRIAC_2	syc	tree	906	23	ilan	32	
ARABIC_QURANIC	arb	tree	906	23	SaZar	33	
ARABIC_LEBANESE	apc	tree	906	23	SaZar	33	
GEEZ	gez	tree	906	23	X3d	31	
TIGRAI	tir	tree	906	23	om	34	
AMHARIC_3	amh	tree	906	23	zaf	-2	
HARARI_2	har	tree	906	23	lEfu	35	
MEHRI_2	gdq	tree	906	23	h3rmayt	36	
JIBBALI	shv	tree	906	23	heyrom	36	
SOQOTRI_2	sqt	tree	906	23	Sirohom	36	
GHADAMES_2	gha	tree	906	23	temdikt	39	
AHAGGAR	thv	tree	906	23	aS3k	40	
ZENAGA_2	zen	tree	906	23	aSa7r	41	
HAUSA_3	hau	tree	906	23	itaCe	42	
BOLEWA	bol	tree	906	23	Soiwi	43	
BEJA_2	bej	tree	906	23	"%Sed""ar"	-2	
OROMO	gaz	tree	906	23	muqa	44	
DAHALO_2	dal	tree	906	23	koro	45	
KAFFA	kbr	tree	906	23	mito	46	
SYRIAC_2	syc	leaf	628	25	tX~arp	93	
ARABIC_QURANIC	arb	leaf	628	25	warakat	94	
ARABIC_LEBANESE	apc	leaf	628	25	wara7a	94	
GEEZ	gez	leaf	628	25	kw~ac3l	95	
TIGRAI	tir	leaf	628	25	qw~asX~li	95	
AMHARIC_3	amh	leaf	628	25	k3t3l	95	
HARARI_2	har	leaf	628	25	kuti	95	
MEHRI_2	gdq	leaf	628	25	cxalfot	96	
JIBBALI	shv	leaf	628	25	cxiZfot	96	
SOQOTRI_2	sqt	leaf	628	25	saXlifo	96	
GHADAMES_2	gha	leaf	628	25	t3fra	98	
AHAGGAR	thv	leaf	628	25	afraw	98	
ZENAGA_2	zen	leaf	628	25	%t3jburuxd	-2	
QABYLE	kab	leaf	628	25	if3r	98	
HAUSA_3	hau	leaf	628	25	ga5e	99	
BOLEWA	bol	leaf	628	25	owu	10	
BEJA_2	bej	leaf	628	25	baya	1	
OROMO	gaz	leaf	628	25	bala	1	
DAHALO_2	dal	leaf	628	25	Sabune	2	
KAFFA	kbr	leaf	628	25	wamo	3	
SYRIAC_2	syc	night	1233	92	lely	32	
ARABIC_QURANIC	arb	night	1233	92	laylat	32	
ARABIC_LEBANESE	apc	night	1233	92	layl	32	
GEEZ	gez	night	1233	92	lelit	32	
TIGRAI	tir	night	1233	92	layti	32	
AMHARIC_3	amh	night	1233	92	let	32	also: lelit
HARARI_2	har	night	1233	92	lEyli	32	also: leli
MEHRI_2	gdq	night	1233	92	Xacar	33	
JIBBALI	shv	night	1233	92	Xac3r	33	
SOQOTRI_2	sqt	night	1233	92	hte	34	
SIWA	siz	night	1233	92	it	37	
GHADAMES_2	gha	night	1233	92	ibed	37	
AHAGGAR	thv	night	1233	92	ehod	37	
ZENAGA_2	zen	night	1233	92	id	37	
QABYLE	kab	night	1233	92	id	37	
HAUSA_3	hau	night	1233	92	dare	38	
BOLEWA	bol	night	1233	92	bodi	37	
BEJA_2	bej	night	1233	92	hawad	39	
OROMO	gaz	night	1233	92	halkan	40	
DAHALO_2	dal	night	1233	92	hima	41	
KAFFA	kbr	night	1233	92	tumo	42	
SYRIAC_2	syc	blood	946	30	d3m	81	
ARABIC_QURANIC	arb	blood	946	30	dam	81	
ARABIC_LEBANESE	apc	blood	946	30	dam	81	
GEEZ	gez	blood	946	30	dam	81	
TIGRAI	tir	blood	946	30	dam	81	
AMHARIC_3	amh	blood	946	30	d3m	81	
HARARI_2	har	blood	946	30	dEm	81	
MEHRI_2	gdq	blood	946	30	doreh	82	
JIBBALI	shv	blood	946	30	dohr	82	
SOQOTRI_2	sqt	blood	946	30	dEr	82	
SIWA	siz	blood	946	30	idam3n	81	
GHADAMES_2	gha	blood	946	30	demen	81	
AHAGGAR	thv	blood	946	30	ahni	83	
ZENAGA_2	zen	blood	946	30	d3m3nh~	81	
QABYLE	kab	blood	946	30	idam3n	81	
HAUSA_3	hau	blood	946	30	jini	83	
BOLEWA	bol	blood	946	30	domi	81	
BEJA_2	bej	blood	946	30	boy	84	
OROMO	gaz	blood	946	30	diga	85	
DAHALO_2	dal	blood	946	30	%diga	-2	
KAFFA	kbr	blood	946	30	damo	81	
SYRIAC_2	syc	full	1429	95	m3le	61	
ARABIC_QURANIC	arb	full	1429	95	mal7an	61	
ARABIC_LEBANESE	apc	full	1429	95	m3lin	61	
GEEZ	gez	full	1429	95	m3lu7	61	
TIGRAI	tir	full	1429	95	mulu7	61	
AMHARIC_3	amh	full	1429	95	m3lu	61	
HARARI_2	har	full	1429	95	mulu7	61	
MEHRI_2	gdq	full	1429	95	mila7	61	
JIBBALI	shv	full	1429	95	miZi7	61	
SOQOTRI_2	sqt	full	1429	95	mili	61	
SIWA	siz	full	1429	95	Cur	63	
GHADAMES_2	gha	full	1429	95	etkur	63	
AHAGGAR	thv	full	1429	95	3tk3r	63	
ZENAGA_2	zen	full	1429	95	tufurt	64	
QABYLE	kab	full	1429	95	aCaran	63	
HAUSA_3	hau	full	1429	95	Cika	65	
BOLEWA	bol	full	1429	95	gamt	66	also: gw~unt
BEJA_2	bej	full	1429	95	atab	67	
OROMO	gaz	full	1429	95	gutu	68	
DAHALO_2	dal	full	1429	95	%!ok	-2	
KAFFA	kbr	full	1429	95	Cen	69	
SYRIAC_2	syc	new	1231	96	Xad3t	11	
ARABIC_QURANIC	arb	new	1231	96	Zadid	12	
ARABIC_LEBANESE	apc	new	1231	96	Zdid	12	
GEEZ	gez	new	1231	96	Xadis	11	
TIGRAI	tir	new	1231	96	Xadis	11	
AMHARIC_3	amh	new	1231	96	adis	11	
HARARI_2	har	new	1231	96	Xajis	11	
MEHRI_2	gdq	new	1231	96	Xeydin	13	
JIBBALI	shv	new	1231	96	odin	13	
SOQOTRI_2	sqt	new	1231	96	%gadid	-2	
SIWA	siz	new	1231	96	atrar	16	
AHAGGAR	thv	new	1231	96	inay	17	
ZENAGA_2	zen	new	1231	96	3n3n	17	also: 3y3n
HAUSA_3	hau	new	1231	96	sabo	18	
BOLEWA	bol	new	1231	96	poyo	19	
BEJA_2	bej	new	1231	96	ga	20	
OROMO	gaz	new	1231	96	hara	21	
DAHALO_2	dal	new	1231	96	%mp~ia	-2	
KAFFA	kbr	new	1231	96	andero	22	
SYRIAC_2	syc	we	1212	3	X3nan	11	
ARABIC_QURANIC	arb	we	1212	3	naXnu	11	
ARABIC_LEBANESE	apc	we	1212	3	neXni	11	
GEEZ	gez	we	1212	3	n3Xna	11	
TIGRAI	tir	we	1212	3	n3Xna	11	
AMHARIC_3	amh	we	1212	3	35a	11	
HARARI_2	har	we	1212	3	35a	11	
MEHRI_2	gdq	we	1212	3	nXah	11	
JIBBALI	shv	we	1212	3	nh~an	11	
SOQOTRI_2	sqt	we	1212	3	hanhen	11	
SIWA	siz	we	1212	3	nC~ini	11	
GHADAMES_2	gha	we	1212	3	nekenin	11	
AHAGGAR	thv	we	1212	3	n3kanid	11	
ZENAGA_2	zen	we	1212	3	n3kni	11	
QABYLE	kab	we	1212	3	n3kw~ni	11	
HAUSA_3	hau	we	1212	3	mu	12	
BOLEWA	bol	we	1212	3	mimu	12	
BEJA_2	bej	we	1212	3	hanin	11	
OROMO	gaz	we	1212	3	nu	11	also: nuy
DAHALO_2	dal	we	1212	3	5a5i	11	
KAFFA	kbr	we	1212	3	nu	11	
SYRIAC_2	syc	horn	1393	34	karn	11	
ARABIC_LEBANESE	apc	horn	1393	34	aran	11	
GEEZ	gez	horn	1393	34	karn	11	
TIGRAI	tir	horn	1393	34	karni	11	
AMHARIC_3	amh	horn	1393	34	k3nd~	11	
HARARI_2	har	horn	1393	34	kEr	11	
MEHRI_2	gdq	horn	1393	34	kon	11	
JIBBALI	shv	horn	1393	34	kuhn	11	
SOQOTRI_2	sqt	horn	1393	34	kan	11	
SIWA	siz	horn	1393	34	aCao	13	
GHADAMES_2	gha	horn	1393	34	aSkaw	13	
AHAGGAR	thv	horn	1393	34	is3k	13	
ZENAGA_2	zen	horn	1393	34	t3sken	13	
QABYLE	kab	horn	1393	34	iS	13	
HAUSA_3	hau	horn	1393	34	kaho	14	
BOLEWA	bol	horn	1393	34	"b""olu"	15	
BEJA_2	bej	horn	1393	34	da7	16	
OROMO	gaz	horn	1393	34	gafa	17	
DAHALO_2	dal	horn	1393	34	tumpo	18	
KAFFA	kbr	horn	1393	34	%qaro	-2	
SYRIAC_2	syc	name	1405	100	S3m	81	
ARABIC_QURANIC	arb	name	1405	100	ism	81	
ARABIC_LEBANESE	apc	name	1405	100	3s3m	81	
GEEZ	gez	name	1405	100	s3m	81	
TIGRAI	tir	name	1405	100	s3m	81	
AMHARIC_3	amh	name	1405	100	s3m	81	
HARARI_2	har	name	1405	100	sum	81	
MEHRI_2	gdq	name	1405	100	ham	81	
JIBBALI	shv	name	1405	100	Sum	81	
SOQOTRI_2	sqt	name	1405	100	Sem	81	
GHADAMES_2	gha	name	1405	100	ism	81	
AHAGGAR	thv	name	1405	100	is3m	81	
ZENAGA_2	zen	name	1405	100	eS3m	81	
QABYLE	kab	name	1405	100	is3m	81	
HAUSA_3	hau	name	1405	100	suna	81	
BOLEWA	bol	name	1405	100	siNkwo	81	
BEJA_2	bej	name	1405	100	%sim	-2	also: %sum
OROMO	gaz	name	1405	100	maqa	83	
DAHALO_2	dal	name	1405	100	sare	84	
KAFFA	kbr	name	1405	100	Sigo	85	
SYRIAC_2	syc	ear	1247	39	edn	81	
ARABIC_QURANIC	arb	ear	1247	39	un	81	
ARABIC_LEBANESE	apc	ear	1247	39	3d3n	81	
GEEZ	gez	ear	1247	39	3z3n	81	
TIGRAI	tir	ear	1247	39	3zni	81	
AMHARIC_3	amh	ear	1247	39	%joro	-2	
HARARI_2	har	ear	1247	39	uzun	81	
MEHRI_2	gdq	ear	1247	39	haydin	81	
JIBBALI	shv	ear	1247	39	idEn	81	
SOQOTRI_2	sqt	ear	1247	39	idih3n	81	
SIWA	siz	ear	1247	39	tam3zuht	83	
GHADAMES_2	gha	ear	1247	39	is3m	84	
AHAGGAR	thv	ear	1247	39	tam3zuk	83	
ZENAGA_2	zen	ear	1247	39	tamazgud	83	
QABYLE	kab	ear	1247	39	am3zux	83	
HAUSA_3	hau	ear	1247	39	kune	85	
BOLEWA	bol	ear	1247	39	kumi	85	
BEJA_2	bej	ear	1247	39	angwil	86	
OROMO	gaz	ear	1247	39	gura	87	
DAHALO_2	dal	ear	1247	39	agaZo	88	
KAFFA	kbr	ear	1247	39	wamo	89	
SYRIAC_2	syc	eye	1248	40	ayn	41	
ARABIC_QURANIC	arb	eye	1248	40	Xayn	41	
ARABIC_LEBANESE	apc	eye	1248	40	Xayn	41	
GEEZ	gez	eye	1248	40	Xayn	41	
TIGRAI	tir	eye	1248	40	Xayni	41	
AMHARIC_3	amh	eye	1248	40	ayn	41	
HARARI_2	har	eye	1248	40	in	41	
MEHRI_2	gdq	eye	1248	40	Xayn	41	
JIBBALI	shv	eye	1248	40	Xihn	41	
SOQOTRI_2	sqt	eye	1248	40	Xayn	41	
SIWA	siz	eye	1248	40	t3t	44	
GHADAMES_2	gha	eye	1248	40	aw3l	42	
AHAGGAR	thv	eye	1248	40	tit	44	
ZENAGA_2	zen	eye	1248	40	tud	44	
QABYLE	kab	eye	1248	40	tit	44	
HAUSA_3	hau	eye	1248	40	ido	44	
BOLEWA	bol	eye	1248	40	idi	44	
BEJA_2	bej	eye	1248	40	lili	42	
OROMO	gaz	eye	1248	40	ija	42	
DAHALO_2	dal	eye	1248	40	ila	42	
KAFFA	kbr	eye	1248	40	afo	45	
SYRIAC_2	syc	nose	1221	41	neXir	52	
ARABIC_QURANIC	arb	nose	1221	41	anf	51	
ARABIC_LEBANESE	apc	nose	1221	41	m3nXar	52	
GEEZ	gez	nose	1221	41	anf	51	
TIGRAI	tir	nose	1221	41	af3nCa	53	
AMHARIC_3	amh	nose	1221	41	3f3nCa	53	
HARARI_2	har	nose	1221	41	uf	51	
MEHRI_2	gdq	nose	1221	41	neXrir	52	
JIBBALI	shv	nose	1221	41	nahrer	52	
SOQOTRI_2	sqt	nose	1221	41	nahrir	52	
SIWA	siz	nose	1221	41	tanz~art	55	
GHADAMES_2	gha	nose	1221	41	t3nzart	55	
AHAGGAR	thv	nose	1221	41	a5giur	52	
ZENAGA_2	zen	nose	1221	41	tinZ3r3n	55	
QABYLE	kab	nose	1221	41	anzar3n	55	pl
HAUSA_3	hau	nose	1221	41	nanCi	56	
BOLEWA	bol	nose	1221	41	wintu	56	
BEJA_2	bej	nose	1221	41	genut	57	
OROMO	gaz	nose	1221	41	fu5an	58	
DAHALO_2	dal	nose	1221	41	%sina	-2	
KAFFA	kbr	nose	1221	41	mudo	59	
SYRIAC_2	syc	tooth	1380	43	Sen	11	
ARABIC_QURANIC	arb	tooth	1380	43	sin	11	
ARABIC_LEBANESE	apc	tooth	1380	43	s3n	11	
GEEZ	gez	tooth	1380	43	s3n	11	
TIGRAI	tir	tooth	1380	43	s3ni	11	
AMHARIC_3	amh	tooth	1380	43	t3rs	12	
HARARI_2	har	tooth	1380	43	s3n	11	
MEHRI_2	gdq	tooth	1380	43	mdenyet	13	
JIBBALI	shv	tooth	1380	43	Snin	11	
SOQOTRI_2	sqt	tooth	1380	43	Xale	14	
SIWA	siz	tooth	1380	43	asayn	11	
GHADAMES_2	gha	tooth	1380	43	asin	11	
AHAGGAR	thv	tooth	1380	43	sin3n	11	pl
ZENAGA_2	zen	tooth	1380	43	uks	17	
QABYLE	kab	tooth	1380	43	tuxm3st	18	
HAUSA_3	hau	tooth	1380	43	hakori	19	
BOLEWA	bol	tooth	1380	43	ido	20	
BEJA_2	bej	tooth	1380	43	kos	17	
OROMO	gaz	tooth	1380	43	ilkan	21	
DAHALO_2	dal	tooth	1380	43	kalati	21	
KAFFA	kbr	tooth	1380	43	gaSo	22	
SYRIAC_2	syc	tongue	1205	44	leSan	1	
ARABIC_QURANIC	arb	tongue	1205	44	lisan	1	
ARABIC_LEBANESE	apc	tongue	1205	44	lsen	1	
GEEZ	gez	tongue	1205	44	l3san	1	
TIGRAI	tir	tongue	1205	44	malXas	2	
AMHARIC_3	amh	tongue	1205	44	m3las	2	
HARARI_2	har	tongue	1205	44	%arat	-2	
MEHRI_2	gdq	tongue	1205	44	lSin	1	
JIBBALI	shv	tongue	1205	44	ElSEn	1	
SOQOTRI_2	sqt	tongue	1205	44	leSin	1	
SIWA	siz	tongue	1205	44	il3s	1	
GHADAMES_2	gha	tongue	1205	44	il3s	1	
AHAGGAR	thv	tongue	1205	44	il3s	1	
ZENAGA_2	zen	tongue	1205	44	3Csi	1	
QABYLE	kab	tongue	1205	44	il3s	1	
HAUSA_3	hau	tongue	1205	44	harSe	1	
BOLEWA	bol	tongue	1205	44	lisi	1	
BEJA_2	bej	tongue	1205	44	midala	3	also: mida
OROMO	gaz	tongue	1205	44	araba	4	
DAHALO_2	dal	tongue	1205	44	Xena	5	
KAFFA	kbr	tongue	1205	44	eCiyo	6	
SYRIAC_2	syc	person	683	18	barnaS	82	
ARABIC_QURANIC	arb	person	683	18	insan	82	
ARABIC_LEBANESE	apc	person	683	18	insen	82	
GEEZ	gez	person	683	18	b373si	83	
TIGRAI	tir	person	683	18	sab	84	
AMHARIC_3	amh	person	683	18	s3w	84	
HARARI_2	har	person	683	18	usu7	84	
MEHRI_2	gdq	person	683	18	%n3far	-2	
JIBBALI	shv	person	683	18	%Ensi	-2	
SOQOTRI_2	sqt	person	683	18	Xag	85	
GHADAMES_2	gha	person	683	18	iman	88	
AHAGGAR	thv	person	683	18	y3n	89	
ZENAGA_2	zen	person	683	18	min	88	
QABYLE	kab	person	683	18	%bnadem	-2	
HAUSA_3	hau	person	683	18	mutum	90	
BOLEWA	bol	person	683	18	memu	91	
BEJA_2	bej	person	683	18	ha	92	
OROMO	gaz	person	683	18	nama	93	
DAHALO_2	dal	person	683	18	"guh""o"	94	
KAFFA	kbr	person	683	18	aSo	82	
SYRIAC_2	syc	knee	1371	47	burk	51	
ARABIC_QURANIC	arb	knee	1371	47	rukbat	52	
ARABIC_LEBANESE	apc	knee	1371	47	rikbi	52	
GEEZ	gez	knee	1371	47	b3rk	51	
TIGRAI	tir	knee	1371	47	b3rki	51	
AMHARIC_3	amh	knee	1371	47	%gulb3t	-2	
HARARI_2	har	knee	1371	47	%g3lib	-2	
MEHRI_2	gdq	knee	1371	47	barak	51	
JIBBALI	shv	knee	1371	47	bErk	51	
SOQOTRI_2	sqt	knee	1371	47	bark	51	
SIWA	siz	knee	1371	47	fud	54	
GHADAMES_2	gha	knee	1371	47	uf3d	54	
AHAGGAR	thv	knee	1371	47	afud	54	
ZENAGA_2	zen	knee	1371	47	o7fu	54	
QABYLE	kab	knee	1371	47	agw~3Srir	55	
HAUSA_3	hau	knee	1371	47	gw~iwa	56	
BOLEWA	bol	knee	1371	47	burn	57	
BEJA_2	bej	knee	1371	47	gun	58	also: mb~a
OROMO	gaz	knee	1371	47	jilba	59	
DAHALO_2	dal	knee	1371	47	gili	60	
KAFFA	kbr	knee	1371	47	ango	61	
SYRIAC_2	syc	hand	1277	48	id	72	
ARABIC_QURANIC	arb	hand	1277	48	yad	72	
ARABIC_LEBANESE	apc	hand	1277	48	3d	72	
GEEZ	gez	hand	1277	48	3d	72	
TIGRAI	tir	hand	1277	48	id	72	
AMHARIC_3	amh	hand	1277	48	3Z	72	
HARARI_2	har	hand	1277	48	iji	72	
MEHRI_2	gdq	hand	1277	48	Xayd	72	
JIBBALI	shv	hand	1277	48	ed	72	
SOQOTRI_2	sqt	hand	1277	48	e7ed	72	
SIWA	siz	hand	1277	48	fus	74	
GHADAMES_2	gha	hand	1277	48	uf3s	74	
AHAGGAR	thv	hand	1277	48	afus	74	
ZENAGA_2	zen	hand	1277	48	afuS	74	
QABYLE	kab	hand	1277	48	afus	74	
HAUSA_3	hau	hand	1277	48	hanu	75	
BOLEWA	bol	hand	1277	48	s3ra	76	
BEJA_2	bej	hand	1277	48	ay	77	
OROMO	gaz	hand	1277	48	harka	78	
DAHALO_2	dal	hand	1277	48	dara	79	
KAFFA	kbr	hand	1277	48	kiSo	80	
SYRIAC_2	syc	breast	1402	51	Xady	2	
ARABIC_QURANIC	arb	breast	1402	51	sX~adr	3	
ARABIC_LEBANESE	apc	breast	1402	51	sidr	3	
GEEZ	gez	breast	1402	51	ang3d7a	4	
TIGRAI	tir	breast	1402	51	darat	5	
AMHARIC_3	amh	breast	1402	51	tut	6	
HARARI_2	har	breast	1402	51	tot	6	
MEHRI_2	gdq	breast	1402	51	gowf	7	
JIBBALI	shv	breast	1402	51	toE7	8	
SOQOTRI_2	sqt	breast	1402	51	todi	8	
SIWA	siz	breast	1402	51	ifef	10	
GHADAMES_2	gha	breast	1402	51	admaren	11	
AHAGGAR	thv	breast	1402	51	idmar3n	11	
ZENAGA_2	zen	breast	1402	51	gurgar3n	12	
QABYLE	kab	breast	1402	51	idmar3n	11	
HAUSA_3	hau	breast	1402	51	mama	13	
BOLEWA	bol	breast	1402	51	"w3d""i"	14	
BEJA_2	bej	breast	1402	51	nug	15	also: nugwe
OROMO	gaz	breast	1402	51	qoma	16	
DAHALO_2	dal	breast	1402	51	%!one	-2	
KAFFA	kbr	breast	1402	51	geto	17	
SYRIAC_2	syc	liver	1224	53	kabd	31	
ARABIC_QURANIC	arb	liver	1224	53	kabid	31	
ARABIC_LEBANESE	apc	liver	1224	53	k3bdi	31	
GEEZ	gez	liver	1224	53	kab3d	31	
TIGRAI	tir	liver	1224	53	kabdi	31	
AMHARIC_3	amh	liver	1224	53	gub3t	32	
HARARI_2	har	liver	1224	53	kud	31	
MEHRI_2	gdq	liver	1224	53	Sebdit	31	
JIBBALI	shv	liver	1224	53	Subdet	31	
SOQOTRI_2	sqt	liver	1224	53	Sibde	31	
SIWA	siz	liver	1224	53	ca	35	
GHADAMES_2	gha	liver	1224	53	tusa	35	
AHAGGAR	thv	liver	1224	53	awsa	35	
ZENAGA_2	zen	liver	1224	53	ta7Sa	36	
QABYLE	kab	liver	1224	53	tasa	35	
HAUSA_3	hau	liver	1224	53	hanta	37	
BOLEWA	bol	liver	1224	53	"rub""usu"	38	
BEJA_2	bej	liver	1224	53	se	35	
OROMO	gaz	liver	1224	53	tiru	39	
DAHALO_2	dal	liver	1224	53	mako	40	
KAFFA	kbr	liver	1224	53	qamo	41	
SYRIAC_2	syc	drink	1401	54	Sty	51	
ARABIC_QURANIC	arb	drink	1401	54	Srb	52	
ARABIC_LEBANESE	apc	drink	1401	54	S3r3b	52	
GEEZ	gez	drink	1401	54	sty	51	
TIGRAI	tir	drink	1401	54	sataya	51	
AMHARIC_3	amh	drink	1401	54	%t3ta	-2	
HARARI_2	har	drink	1401	54	sECa	51	
MEHRI_2	gdq	drink	1401	54	hutki	53	
JIBBALI	shv	drink	1401	54	Susi	53	
SOQOTRI_2	sqt	drink	1401	54	re	54	
SIWA	siz	drink	1401	54	su	56	
GHADAMES_2	gha	drink	1401	54	s3w	56	
AHAGGAR	thv	drink	1401	54	3su	56	
ZENAGA_2	zen	drink	1401	54	3Sbi	56	
QABYLE	kab	drink	1401	54	s3w	56	
HAUSA_3	hau	drink	1401	54	Sa	56	
BOLEWA	bol	drink	1401	54	sa	56	
BEJA_2	bej	drink	1401	54	gu7	57	
OROMO	gaz	drink	1401	54	duga	58	
DAHALO_2	dal	drink	1401	54	ma7aw	59	
KAFFA	kbr	drink	1401	54	uC	60	
SYRIAC_2	syc	thou	1215	2	at	91	also: ant
ARABIC_QURANIC	arb	thou	1215	2	anta	91	
ARABIC_LEBANESE	apc	thou	1215	2	int	91	also: int3
GEEZ	gez	thou	1215	2	anta	91	
TIGRAI	tir	thou	1215	2	n3s3ka	92	
AMHARIC_3	amh	thou	1215	2	anta	91	
HARARI_2	har	thou	1215	2	aka	92	
MEHRI_2	gdq	thou	1215	2	hit	93	
JIBBALI	shv	thou	1215	2	hEt	93	
SIWA	siz	thou	1215	2	S3k	92	
GHADAMES_2	gha	thou	1215	2	Seg	92	
AHAGGAR	thv	thou	1215	2	kay	92	
ZENAGA_2	zen	thou	1215	2	kuk	92	
QABYLE	kab	thou	1215	2	k3C	92	
HAUSA_3	hau	thou	1215	2	kai	92	
BOLEWA	bol	thou	1215	2	kai	92	
BEJA_2	bej	thou	1215	2	baruk	92	also: batuk
OROMO	gaz	thou	1215	2	ati	91	
DAHALO_2	dal	thou	1215	2	ata	91	
KAFFA	kbr	thou	1215	2	ne	95	
SYRIAC_2	syc	see	1409	57	Xzy	23	
ARABIC_QURANIC	arb	see	1409	57	r7y	22	
ARABIC_LEBANESE	apc	see	1409	57	Sef	24	
GEEZ	gez	see	1409	57	r7y	22	
TIGRAI	tir	see	1409	57	ra7aya	22	
AMHARIC_3	amh	see	1409	57	aya	23	
HARARI_2	har	see	1409	57	ri7a	22	
MEHRI_2	gdq	see	1409	57	sinuh	25	
JIBBALI	shv	see	1409	57	Sini	25	
SOQOTRI_2	sqt	see	1409	57	Sini	25	
SIWA	siz	see	1409	57	z3r	28	
GHADAMES_2	gha	see	1409	57	el3m	29	also: izelem
AHAGGAR	thv	see	1409	57	3ni	27	
ZENAGA_2	zen	see	1409	57	zar	28	
QABYLE	kab	see	1409	57	wali	30	
HAUSA_3	hau	see	1409	57	gani	31	
BOLEWA	bol	see	1409	57	in	27	
BEJA_2	bej	see	1409	57	erh	32	
OROMO	gaz	see	1409	57	arga	33	
DAHALO_2	dal	see	1409	57	"wah"""	34	
KAFFA	kbr	see	1409	57	beq	35	
SYRIAC_2	syc	hear	1408	58	SmX	91	
ARABIC_QURANIC	arb	hear	1408	58	SmX	91	
ARABIC_LEBANESE	apc	hear	1408	58	s3m3Xa	91	
GEEZ	gez	hear	1408	58	smX	91	
TIGRAI	tir	hear	1408	58	samXe	91	
AMHARIC_3	amh	hear	1408	58	s3ma	91	
HARARI_2	har	hear	1408	58	sEma7a	91	
MEHRI_2	gdq	hear	1408	58	hema	91	
JIBBALI	shv	hear	1408	58	SiX	91	
SOQOTRI_2	sqt	hear	1408	58	hemaX	91	
SIWA	siz	hear	1408	58	s3l	93	
GHADAMES_2	gha	hear	1408	58	3sl	93	
AHAGGAR	thv	hear	1408	58	3s3l	93	
ZENAGA_2	zen	hear	1408	58	gera	94	
QABYLE	kab	hear	1408	58	s3l	93	
HAUSA_3	hau	hear	1408	58	ji	95	
BOLEWA	bol	hear	1408	58	kum	96	
BEJA_2	bej	hear	1408	58	masuw	97	
OROMO	gaz	hear	1408	58	dagaya	98	
DAHALO_2	dal	hear	1408	58	etit	99	
KAFFA	kbr	hear	1408	58	way	10	
SYRIAC_2	syc	bone	1394	31	garm	92	
ARABIC_QURANIC	arb	bone	1394	31	azX~m	91	
ARABIC_LEBANESE	apc	bone	1394	31	XazX~am	91	
GEEZ	gez	bone	1394	31	Xac3m	91	
TIGRAI	tir	bone	1394	31	XasX~mi	91	
AMHARIC_3	amh	bone	1394	31	at3nt~	91	
HARARI_2	har	bone	1394	31	at	91	
MEHRI_2	gdq	bone	1394	31	XaZyZ	93	
JIBBALI	shv	bone	1394	31	XayCeC	93	
SOQOTRI_2	sqt	bone	1394	31	sahlo	94	
SIWA	siz	bone	1394	31	ix3s	95	
GHADAMES_2	gha	bone	1394	31	x3s	95	
AHAGGAR	thv	bone	1394	31	ex3s	95	
ZENAGA_2	zen	bone	1394	31	ici	95	
QABYLE	kab	bone	1394	31	ix3s	95	
HAUSA_3	hau	bone	1394	31	qaSi	95	
BOLEWA	bol	bone	1394	31	us3ki	96	
BEJA_2	bej	bone	1394	31	mi	97	
OROMO	gaz	bone	1394	31	lafe	98	
DAHALO_2	dal	bone	1394	31	%miCo	-2	
KAFFA	kbr	bone	1394	31	SawuSo	99	
SYRIAC_2	syc	die	1494	61	myt	21	
ARABIC_QURANIC	arb	die	1494	61	mwt	21	
ARABIC_LEBANESE	apc	die	1494	61	m3t	21	
GEEZ	gez	die	1494	61	mwt	21	
TIGRAI	tir	die	1494	61	mota	21	
AMHARIC_3	amh	die	1494	61	mot3	21	
HARARI_2	har	die	1494	61	dija	21	
MEHRI_2	gdq	die	1494	61	mot	21	
JIBBALI	shv	die	1494	61	harog	22	
SOQOTRI_2	sqt	die	1494	61	same	23	
SIWA	siz	die	1494	61	imut	21	
GHADAMES_2	gha	die	1494	61	3m3t	21	
AHAGGAR	thv	die	1494	61	3m3t	21	
ZENAGA_2	zen	die	1494	61	3mw~i	21	
QABYLE	kab	die	1494	61	3m3t	21	
HAUSA_3	hau	die	1494	61	mutu	21	
BOLEWA	bol	die	1494	61	mutu	21	
BEJA_2	bej	die	1494	61	yati	24	
OROMO	gaz	die	1494	61	du7a	25	
DAHALO_2	dal	die	1494	61	Za7	25	
KAFFA	kbr	die	1494	61	kit	26	
SYRIAC_2	syc	road (path)	667	85	urX	41	road
ARABIC_QURANIC	arb	road (path)	667	85	tX~ariq	43	road
ARABIC_LEBANESE	apc	road (path)	667	85	darab	44	road
GEEZ	gez	road (path)	667	85	f3not	45	road
TIGRAI	tir	road (path)	667	85	mangadi	46	road
AMHARIC_3	amh	road (path)	667	85	m3ng3d	46	road
HARARI_2	har	road (path)	667	85	%uga	-2	road
MEHRI_2	gdq	road (path)	667	85	Xirum	47	road
JIBBALI	shv	road (path)	667	85	orm	47	road
SOQOTRI_2	sqt	road (path)	667	85	orim	47	road
GHADAMES_2	gha	road (path)	667	85	abrid	50	road
AHAGGAR	thv	road (path)	667	85	abar3qa	51	road
ZENAGA_2	zen	road (path)	667	85	tir3s	52	road
QABYLE	kab	road (path)	667	85	abrid	50	
HAUSA_3	hau	road (path)	667	85	ha5a	53	
BOLEWA	bol	road (path)	667	85	gogo	54	road
BEJA_2	bej	road (path)	667	85	lagi	55	
OROMO	gaz	road (path)	667	85	kara	56	
DAHALO_2	dal	road (path)	667	85	le	57	
KAFFA	kbr	road (path)	667	85	woreto	48	
