language	iso_code	gloss	global_id	local_id	transcription	cognate_class	notes
KATE	kmg	I	1209	1	no	1	
MAPE_2	mlh	I	1209	1	no	1	
DEDUA	ded	I	1209	1	ni	2	
HUBE	kgf	I	1209	1	ni	2	
TOBO	tbv	I	1209	1	ni	2	
KOSORONG	ksr	I	1209	1	ni	2	
MINDIK	bmu	I	1209	1	ni	2	
BURUM	bmu	I	1209	1	ni	2	
ONO	ons	I	1209	1	na	1	
KOMBA	kpf	I	1209	1	no	1	
SELEPET	spl	I	1209	1	no	1	
TIMBE	tim	I	1209	1	no	1	
NABAK	naf	I	1209	1	n3N	1	
MOMOLILI	mci	I	1209	1	na	1	
KATE	kmg	thou	1215	2	go	1	
MAPE_2	mlh	thou	1215	2	go	1	
DEDUA	ded	thou	1215	2	ge	2	
HUBE	kgf	thou	1215	2	gi	2	
TOBO	tbv	thou	1215	2	gi	2	
KOSORONG	ksr	thou	1215	2	gi	2	
MINDIK	bmu	thou	1215	2	gi	2	
BURUM	bmu	thou	1215	2	gi	2	
ONO	ons	thou	1215	2	ge	2	
KOMBA	kpf	thou	1215	2	go	1	
SELEPET	spl	thou	1215	2	go	1	
TIMBE	tim	thou	1215	2	go	1	
NABAK	naf	thou	1215	2	g3N	1	
MOMOLILI	mci	thou	1215	2	ga	1	
KATE	kmg	we	1212	3	noNo7	1	
MAPE_2	mlh	we	1212	3	noNu	1	
DEDUA	ded	we	1212	3	nini	2	
HUBE	kgf	we	1212	3	nini	2	
TOBO	tbv	we	1212	3	nini	2	
KOSORONG	ksr	we	1212	3	nono	1	
MINDIK	bmu	we	1212	3	nini	2	
BURUM	bmu	we	1212	3	nini	2	
ONO	ons	we	1212	3	Nedo	3	
KOMBA	kpf	we	1212	3	nen	2	
SELEPET	spl	we	1212	3	nen	2	
TIMBE	tim	we	1212	3	nen	2	
NABAK	naf	we	1212	3	nin	2	
MOMOLILI	mci	we	1212	3	ni	2	
KATE	kmg	this	1214	4	ci	1	
MAPE_2	mlh	this	1214	4	oi	2	
DEDUA	ded	this	1214	4	i	3	
HUBE	kgf	this	1214	4	i	3	
TOBO	tbv	this	1214	4	mu	4	
KOSORONG	ksr	this	1214	4	i	3	
MINDIK	bmu	this	1214	4	mu	4	
BURUM	bmu	this	1214	4	ke	5	
ONO	ons	this	1214	4	i	3	
KOMBA	kpf	this	1214	4	zi	1	
SELEPET	spl	this	1214	4	yu	6	
TIMBE	tim	this	1214	4	i	3	
NABAK	naf	this	1214	4	kapi	7	
MOMOLILI	mci	this	1214	4	wi	8	
KATE	kmg	that	78	5	i	1	
MAPE_2	mlh	that	78	5	o	2	
DEDUA	ded	that	78	5	yo	3	
HUBE	kgf	that	78	5	yo	3	
TOBO	tbv	that	78	5	mi	4	
KOSORONG	ksr	that	78	5	lo	3	
MINDIK	bmu	that	78	5	me	4	
BURUM	bmu	that	78	5	me	4	
ONO	ons	that	78	5	eri	5	
KOMBA	kpf	that	78	5	zo	3	
SELEPET	spl	that	78	5	ya	3	
TIMBE	tim	that	78	5	ido	6	
NABAK	naf	that	78	5	ke	7	
MOMOLILI	mci	that	78	5	mei	4	
KATE	kmg	who	1235	6	mo7	1	
MAPE_2	mlh	who	1235	6	mo7	1	
DEDUA	ded	who	1235	6	moN	1	
HUBE	kgf	who	1235	6	moN	1	
TOBO	tbv	who	1235	6	moN	1	
KOSORONG	ksr	who	1235	6	moN	1	
MINDIK	bmu	who	1235	6	moN	2	
BURUM	bmu	who	1235	6	kun	2	
ONO	ons	who	1235	6	mane	3	
KOMBA	kpf	who	1235	6	Nai	4	
SELEPET	spl	who	1235	6	olo	5	
TIMBE	tim	who	1235	6	kio	6	
NABAK	naf	who	1235	6	kureki	7	
MOMOLILI	mci	who	1235	6	ala	5	
KATE	kmg	what	1236	7	wemo	1	
MAPE_2	mlh	what	1236	7	wamo	1	
DEDUA	ded	what	1236	7	dafi	2	
HUBE	kgf	what	1236	7	nemak	3	
TOBO	tbv	what	1236	7	nomat	3	
KOSORONG	ksr	what	1236	7	namuNak	4	
MINDIK	bmu	what	1236	7	nowo	5	
BURUM	bmu	what	1236	7	wania	6	
ONO	ons	what	1236	7	onoka	7	
KOMBA	kpf	what	1236	7	wan	6	
SELEPET	spl	what	1236	7	wuon	6	
TIMBE	tim	what	1236	7	wan	6	
NABAK	naf	what	1236	7	pitne	8	
MOMOLILI	mci	what	1236	7	wana	6	
KATE	kmg	not	1240	8	mi	1	
MAPE_2	mlh	not	1240	8	so	2	
DEDUA	ded	not	1240	8	mi	1	
HUBE	kgf	not	1240	8	munda	3	
TOBO	tbv	not	1240	8	mondo	3	
KOSORONG	ksr	not	1240	8	mende	3	
MINDIK	bmu	not	1240	8	kp~aho	4	
BURUM	bmu	not	1240	8	kp~ahop	4	
ONO	ons	not	1240	8	mi	1	
KOMBA	kpf	not	1240	8	mo	1	
SELEPET	spl	not	1240	8	ki	5	
TIMBE	tim	not	1240	8	bo	6	
NABAK	naf	not	1240	8	ku	5	
MOMOLILI	mci	not	1240	8	k3m	7	
KATE	kmg	all	98	9	sasawa	1	
MAPE_2	mlh	all	98	9	sosowo	1	
DEDUA	ded	all	98	9	sasawa	1	
HUBE	kgf	all	98	9	mokcoN	2	
TOBO	tbv	all	98	9	eNalek	3	
KOSORONG	ksr	all	98	9	kuya	4	
MINDIK	bmu	all	98	9	moketaNi	5	
BURUM	bmu	all	98	9	kp~akp~ak	6	
ONO	ons	all	98	9	korop	7	
KOMBA	kpf	all	98	9	aksik	8	
SELEPET	spl	all	98	9	kerek	9	
TIMBE	tim	all	98	9	horowok	10	
NABAK	naf	all	98	9	ilinsakpep	11	
MOMOLILI	mci	all	98	9	p3s3kpep	12	
KATE	kmg	many	1198	10	bo7yaha	1	
MAPE_2	mlh	many	1198	10	boiaha	1	
DEDUA	ded	many	1198	10	homak	2	
HUBE	kgf	many	1198	10	sasara	3	
TOBO	tbv	many	1198	10	sesia	3	
KOSORONG	ksr	many	1198	10	mamagu	4	
MINDIK	bmu	many	1198	10	seseNi	3	
BURUM	bmu	many	1198	10	gotpok	5	
ONO	ons	many	1198	10	louloutNe	6	
KOMBA	kpf	many	1198	10	biwiro	7	
SELEPET	spl	many	1198	10	biwiro	7	
TIMBE	tim	many	1198	10	biwiro	7	
NABAK	naf	many	1198	10	kilisik	8	
MOMOLILI	mci	many	1198	10	kirisi	8	
KATE	kmg	one	1493	11	moyaha	1	
MAPE_2	mlh	one	1493	11	mokotoN	2	
DEDUA	ded	one	1493	11	mokgu	1	
HUBE	kgf	one	1493	11	momakgu	1	
TOBO	tbv	one	1493	11	mohok	3	
KOSORONG	ksr	one	1493	11	motoNgok	4	
MINDIK	bmu	one	1493	11	mokuN	1	
BURUM	bmu	one	1493	11	mohot	3	
ONO	ons	one	1493	11	weku	5	
KOMBA	kpf	one	1493	11	konok	6	
SELEPET	spl	one	1493	11	konok	6	
TIMBE	tim	one	1493	11	konok	6	
NABAK	naf	one	1493	11	kpep	7	
MOMOLILI	mci	one	1493	11	kpeci	7	
KATE	kmg	two	1498	12	yayahe7	1	
MAPE_2	mlh	two	1498	12	yoyokak	1	
DEDUA	ded	two	1498	12	yohokaN	1	
HUBE	kgf	two	1498	12	rehek	2	
TOBO	tbv	two	1498	12	rohot	2	
KOSORONG	ksr	two	1498	12	woik	3	
MINDIK	bmu	two	1498	12	woit	3	
BURUM	bmu	two	1498	12	yahat	2	
ONO	ons	two	1498	12	etke	4	
KOMBA	kpf	two	1498	12	zohot	2	
SELEPET	spl	two	1498	12	yohop	2	
TIMBE	tim	two	1498	12	louwo	5	
NABAK	naf	two	1498	12	cut	6	
MOMOLILI	mci	two	1498	12	ceba	7	
KATE	kmg	big	1202	13	ko7gbene	1	
MAPE_2	mlh	big	1202	13	yasogo	2	
DEDUA	ded	big	1202	13	kuneN	3	
HUBE	kgf	big	1202	13	kuneN	3	
TOBO	tbv	big	1202	13	baia	4	
KOSORONG	ksr	big	1202	13	somata	5	
MINDIK	bmu	big	1202	13	ketaNi	6	
BURUM	bmu	big	1202	13	ketaNi	6	
ONO	ons	big	1202	13	suaine	7	
KOMBA	kpf	big	1202	13	pato	8	
SELEPET	spl	big	1202	13	pato	8	
TIMBE	tim	big	1202	13	humo	9	
NABAK	naf	big	1202	13	taemba	10	
MOMOLILI	mci	big	1202	13	k3itn	11	
KATE	kmg	long	1203	14	cori7ne	1	
MAPE_2	mlh	long	1203	14	coraikne	1	
DEDUA	ded	long	1203	14	herea	2	
HUBE	kgf	long	1203	14	horua	2	
TOBO	tbv	long	1203	14	korua	2	
KOSORONG	ksr	long	1203	14	koriga	2	
MINDIK	bmu	long	1203	14	koripNi	2	
BURUM	bmu	long	1203	14	koripNi	2	
ONO	ons	long	1203	14	kiroine	2	
KOMBA	kpf	long	1203	14	korep	2	
SELEPET	spl	long	1203	14	kolip	2	
TIMBE	tim	long	1203	14	kolip	2	
NABAK	naf	long	1203	14	tepm3N	3	
MOMOLILI	mci	long	1203	14	kepm	4	
KATE	kmg	small	1246	15	piti7ne	1	
MAPE_2	mlh	small	1246	15	mendakne	2	
DEDUA	ded	small	1246	15	kapia	3	
HUBE	kgf	small	1246	15	komoga	4	
TOBO	tbv	small	1246	15	komora	4	
KOSORONG	ksr	small	1246	15	merak	5	
MINDIK	bmu	small	1246	15	komokNi	4	
BURUM	bmu	small	1246	15	moroNi	6	
ONO	ons	small	1246	15	nigatne	7	
KOMBA	kpf	small	1246	15	moikto	8	
SELEPET	spl	small	1246	15	tipiNe	9	
TIMBE	tim	small	1246	15	boleNe	10	
NABAK	naf	small	1246	15	isikN3n	11	
MOMOLILI	mci	small	1246	15	namzi	12	
KATE	kmg	woman	962	16	Noka7	1	
MAPE_2	mlh	woman	962	16	Nigok	1	
DEDUA	ded	woman	962	16	Nak	1	
HUBE	kgf	woman	962	16	embak	2	
TOBO	tbv	woman	962	16	embat	2	
KOSORONG	ksr	woman	962	16	embak	2	
MINDIK	bmu	woman	962	16	ambi	2	
BURUM	bmu	woman	962	16	ambi	2	
ONO	ons	woman	962	16	Nerep	3	
KOMBA	kpf	woman	962	16	abon	2	
SELEPET	spl	woman	962	16	ibi	2	
TIMBE	tim	woman	962	16	oboi	2	
NABAK	naf	woman	962	16	imbi	2	
MOMOLILI	mci	woman	962	16	imbi	2	
KATE	kmg	man	1554	17	Ni7	1	
MAPE_2	mlh	man	1554	17	Nik	1	
DEDUA	ded	man	1554	17	Nik	1	
HUBE	kgf	man	1554	17	ik	1	
TOBO	tbv	man	1554	17	ip	1	
KOSORONG	ksr	man	1554	17	ecak	2	
MINDIK	bmu	man	1554	17	aiwi	3	
BURUM	bmu	man	1554	17	aci	4	
ONO	ons	man	1554	17	Nei	1	
KOMBA	kpf	man	1554	17	a	5	
SELEPET	spl	man	1554	17	lok	6	
TIMBE	tim	man	1554	17	luok	6	
NABAK	naf	man	1554	17	an	5	
MOMOLILI	mci	man	1554	17	a*	5	
KATE	kmg	bird	937	20	wipe	1	
MAPE_2	mlh	bird	937	20	woro	2	
DEDUA	ded	bird	937	20	neN	3	
HUBE	kgf	bird	937	20	nei	3	
TOBO	tbv	bird	937	20	ni	3	
KOSORONG	ksr	bird	937	20	koN	4	
MINDIK	bmu	bird	937	20	nei	3	
BURUM	bmu	bird	937	20	nei	3	
ONO	ons	bird	937	20	naNi	3	
KOMBA	kpf	bird	937	20	ni	3	
SELEPET	spl	bird	937	20	noi	3	
TIMBE	tim	bird	937	20	laut	5	
NABAK	naf	bird	937	20	aga	6	
MOMOLILI	mci	bird	937	20	lau	5	
KATE	kmg	dog	2009	21	kp~oto	1	
MAPE_2	mlh	dog	2009	21	kp~oro	1	
DEDUA	ded	dog	2009	21	kasi	2	
HUBE	kgf	dog	2009	21	kacu	2	
TOBO	tbv	dog	2009	21	kiam	3	
KOSORONG	ksr	dog	2009	21	kasuk	2	
MINDIK	bmu	dog	2009	21	kiam	3	
BURUM	bmu	dog	2009	21	kiam	3	
ONO	ons	dog	2009	21	kasi	2	
KOMBA	kpf	dog	2009	21	wau	4	
SELEPET	spl	dog	2009	21	soso	5	
TIMBE	tim	dog	2009	21	dua	6	
NABAK	naf	dog	2009	21	tam	7	
MOMOLILI	mci	dog	2009	21	ta	7	
KATE	kmg	louse	1392	22	imeN	1	
MAPE_2	mlh	louse	1392	22	imeN	1	
DEDUA	ded	louse	1392	22	yomiN	1	
HUBE	kgf	louse	1392	22	imin	1	
TOBO	tbv	louse	1392	22	imin	1	
KOSORONG	ksr	louse	1392	22	imoN	1	
MINDIK	bmu	louse	1392	22	imin	1	
BURUM	bmu	louse	1392	22	imin	1	
ONO	ons	louse	1392	22	emen	1	
KOMBA	kpf	louse	1392	22	imen	1	
SELEPET	spl	louse	1392	22	imen	1	
TIMBE	tim	louse	1392	22	imen	1	
NABAK	naf	louse	1392	22	emin	1	
MOMOLILI	mci	louse	1392	22	l3m	2	
KATE	kmg	tree	906	23	yo7	1	
MAPE_2	mlh	tree	906	23	yok	1	
DEDUA	ded	tree	906	23	ik	2	
HUBE	kgf	tree	906	23	ik	2	
TOBO	tbv	tree	906	23	ip	2	
KOSORONG	ksr	tree	906	23	ik	2	
MINDIK	bmu	tree	906	23	ip	2	
BURUM	bmu	tree	906	23	ip	2	
ONO	ons	tree	906	23	eki	3	
KOMBA	kpf	tree	906	23	nak	4	
SELEPET	spl	tree	906	23	nak	4	
TIMBE	tim	tree	906	23	lowin	5	
NABAK	naf	tree	906	23	t3p	6	
MOMOLILI	mci	tree	906	23	t3	6	
KATE	kmg	seed	714	24	hondoN	1	
MAPE_2	mlh	seed	714	24	fonoN	2	
DEDUA	ded	seed	714	24	honduN	1	
HUBE	kgf	seed	714	24	gokme	3	
TOBO	tbv	seed	714	24	gopi	4	
KOSORONG	ksr	seed	714	24	kota	5	
MINDIK	bmu	seed	714	24	kot	5	
BURUM	bmu	seed	714	24	kot	5	
ONO	ons	seed	714	24	wau	6	
KOMBA	kpf	seed	714	24	ket	7	
SELEPET	spl	seed	714	24	kehet	7	
TIMBE	tim	seed	714	24	kodet	8	
NABAK	naf	seed	714	24	k3t	5	
MOMOLILI	mci	seed	714	24	k3t	5	
KATE	kmg	leaf	628	25	reha7	1	"stem, ""its leaf"""
MAPE_2	mlh	leaf	628	25	rekak	1	
DEDUA	ded	leaf	628	25	mari	2	"stem, ""its leaf"""
HUBE	kgf	leaf	628	25	hareN	3	"stem, ""its leaf"""
TOBO	tbv	leaf	628	25	karem	3	"stem, ""its leaf"""
KOSORONG	ksr	leaf	628	25	seN	4	
MINDIK	bmu	leaf	628	25	sin	4	
BURUM	bmu	leaf	628	25	sin	4	
ONO	ons	leaf	628	25	meti	5	"stem, ""its leaf"""
KOMBA	kpf	leaf	628	25	in	4	"stem, ""its leaf"""
SELEPET	spl	leaf	628	25	esen	4	"stem, ""its leaf"""
TIMBE	tim	leaf	628	25	esen	4	"stem, ""its leaf"""
NABAK	naf	leaf	628	25	sin	4	"stem, ""its leaf"""
MOMOLILI	mci	leaf	628	25	sin	4	"stem, ""its leaf"""
KATE	kmg	root	670	26	goto	1	
MAPE_2	mlh	root	670	26	goru	1	
DEDUA	ded	root	670	26	gode	1	
HUBE	kgf	root	670	26	gete	1	
TOBO	tbv	root	670	26	onde	2	
KOSORONG	ksr	root	670	26	tita	3	
MINDIK	bmu	root	670	26	calo	4	
BURUM	bmu	root	670	26	calo	4	
ONO	ons	root	670	26	Nodi	5	
KOMBA	kpf	root	670	26	odoN	2	
SELEPET	spl	root	670	26	gihit	6	
TIMBE	tim	root	670	26	kodoro	7	
NABAK	naf	root	670	26	kindi	7	
MOMOLILI	mci	root	670	26	kindiri	7	
KATE	kmg	skin	763	28	saha7	1	"stem, ""its skin"""
MAPE_2	mlh	skin	763	28	mocu	2	
DEDUA	ded	skin	763	28	sebi	3	"stem, ""its skin"""
HUBE	kgf	skin	763	28	sewira	3	"stem, ""its skin"""
TOBO	tbv	skin	763	28	sowol	3	"stem, ""its skin"""
KOSORONG	ksr	skin	763	28	sele	4	
MINDIK	bmu	skin	763	28	sele	4	
BURUM	bmu	skin	763	28	sile	4	
ONO	ons	skin	763	28	solai	4	"stem, ""its skin"""
KOMBA	kpf	skin	763	28	sok	5	"stem, ""its skin"""
SELEPET	spl	skin	763	28	hok	5	"stem, ""its skin"""
TIMBE	tim	skin	763	28	hok	5	"stem, ""its skin"""
NABAK	naf	skin	763	28	s3k	5	"stem, ""its skin"""
MOMOLILI	mci	skin	763	28	s3k	5	"stem, ""its skin"""
KATE	kmg	meat	634	29	bihu7	1	
MAPE_2	mlh	meat	634	29	biu	1	
DEDUA	ded	meat	634	29	fusi	2	
HUBE	kgf	meat	634	29	busi	2	
TOBO	tbv	meat	634	29	busi	2	
KOSORONG	ksr	meat	634	29	busi	2	
MINDIK	bmu	meat	634	29	busu	2	
BURUM	bmu	meat	634	29	busu	2	
ONO	ons	meat	634	29	biku	1	
KOMBA	kpf	meat	634	29	sunum	3	
SELEPET	spl	meat	634	29	sunum	3	
TIMBE	tim	meat	634	29	sunum	3	
NABAK	naf	meat	634	29	s3sumbaN	4	
MOMOLILI	mci	meat	634	29	mirik	5	
KATE	kmg	blood	946	30	so7	1	"stem, ""its blood"""
MAPE_2	mlh	blood	946	30	dari	2	
DEDUA	ded	blood	946	30	sawa	1	"stem, ""its blood"""
HUBE	kgf	blood	946	30	sawa	1	"stem, ""its blood"""
TOBO	tbv	blood	946	30	sap	1	"stem, ""its blood"""
KOSORONG	ksr	blood	946	30	saya	1	
MINDIK	bmu	blood	946	30	sep	1	
BURUM	bmu	blood	946	30	sep	1	
ONO	ons	blood	946	30	weNemi	3	"stem, ""its blood"""
KOMBA	kpf	blood	946	30	sep	1	"stem, ""its blood"""
SELEPET	spl	blood	946	30	hep	1	"stem, ""its blood"""
TIMBE	tim	blood	946	30	gilom	4	"stem, ""its blood"""
NABAK	naf	blood	946	30	sip	1	"stem, ""its blood"""
MOMOLILI	mci	blood	946	30	sip	1	"stem, ""its blood"""
KATE	kmg	bone	1394	31	sie7	1	"stem, ""its bone"""
MAPE_2	mlh	bone	1394	31	siak	1	
DEDUA	ded	bone	1394	31	sir	1	"stem, ""its bone"""
HUBE	kgf	bone	1394	31	sigl~	1	"stem, ""its bone"""
TOBO	tbv	bone	1394	31	sihit	1	"stem, ""its bone"""
KOSORONG	ksr	bone	1394	31	sita	1	
MINDIK	bmu	bone	1394	31	sihit	1	
BURUM	bmu	bone	1394	31	sihit	1	
ONO	ons	bone	1394	31	set	1	"stem, ""its bone"""
KOMBA	kpf	bone	1394	31	ton	2	"stem, ""its bone"""
SELEPET	spl	bone	1394	31	hahit	1	"stem, ""its bone"""
TIMBE	tim	bone	1394	31	hahit	1	"stem, ""its bone"""
NABAK	naf	bone	1394	31	kanc~iN	3	"stem, ""its bone"""
MOMOLILI	mci	bone	1394	31	siet	1	"stem, ""its bone"""
KATE	kmg	fat	1282	32	wokemaN	1	
MAPE_2	mlh	fat	1282	32	wici	2	
DEDUA	ded	fat	1282	32	wokemaN	1	
HUBE	kgf	fat	1282	32	harek	3	
TOBO	tbv	fat	1282	32	kalak	3	
KOSORONG	ksr	fat	1282	32	kelega	3	
MINDIK	bmu	fat	1282	32	kelok	3	
BURUM	bmu	fat	1282	32	kelok	3	
ONO	ons	fat	1282	32	kelok	3	
KOMBA	kpf	fat	1282	32	kelok	3	
SELEPET	spl	fat	1282	32	kelu	3	
TIMBE	tim	fat	1282	32	kelu	3	
NABAK	naf	fat	1282	32	kerak	3	
MOMOLILI	mci	fat	1282	32	ker3k	3	
KATE	kmg	tail	1220	35	ge7	1	
MAPE_2	mlh	tail	1220	35	ci	2	
DEDUA	ded	tail	1220	35	ci	2	
HUBE	kgf	tail	1220	35	ci	2	
TOBO	tbv	tail	1220	35	ci	2	
KOSORONG	ksr	tail	1220	35	dai	2	
MINDIK	bmu	tail	1220	35	lou	3	
BURUM	bmu	tail	1220	35	dai	2	
ONO	ons	tail	1220	35	dai	2	
KOMBA	kpf	tail	1220	35	da	2	
SELEPET	spl	tail	1220	35	hape	4	
TIMBE	tim	tail	1220	35	dape	4	
NABAK	naf	tail	1220	35	dak	5	
MOMOLILI	mci	tail	1220	35	dak	5	
KATE	kmg	hair	1040	37	cowo	1	
MAPE_2	mlh	hair	1040	37	kaNcaN	2	
DEDUA	ded	hair	1040	37	cowe	1	
HUBE	kgf	hair	1040	37	cu	3	
TOBO	tbv	hair	1040	37	cu	3	
KOSORONG	ksr	hair	1040	37	cui	3	
MINDIK	bmu	hair	1040	37	cup	3	
BURUM	bmu	hair	1040	37	cup	3	
ONO	ons	hair	1040	37	cou	3	
KOMBA	kpf	hair	1040	37	somot	4	
SELEPET	spl	hair	1040	37	somot	4	
TIMBE	tim	hair	1040	37	dumut	4	
NABAK	naf	hair	1040	37	cup	3	
MOMOLILI	mci	hair	1040	37	cup	3	
KATE	kmg	head	1256	38	kp~ice7	1	
MAPE_2	mlh	head	1256	38	kp~oru	2	
DEDUA	ded	head	1256	38	fufu	3	
HUBE	kgf	head	1256	38	ogu	4	
TOBO	tbv	head	1256	38	norok	5	
KOSORONG	ksr	head	1256	38	osoga	6	
MINDIK	bmu	head	1256	38	noruk	5	
BURUM	bmu	head	1256	38	noruk	5	
ONO	ons	head	1256	38	lewit	7	
KOMBA	kpf	head	1256	38	kauk	8	
SELEPET	spl	head	1256	38	kun	9	
TIMBE	tim	head	1256	38	kaut	8	
NABAK	naf	head	1256	38	Nokanci	9	
MOMOLILI	mci	head	1256	38	nok	10	
KATE	kmg	ear	1247	39	hace7	1	"stem, ""its ear"""
MAPE_2	mlh	ear	1247	39	kace	1	
DEDUA	ded	ear	1247	39	heca	1	"stem, ""its ear"""
HUBE	kgf	ear	1247	39	geca	1	"stem, ""its ear"""
TOBO	tbv	ear	1247	39	kesap	1	"stem, ""its ear"""
KOSORONG	ksr	ear	1247	39	geca	1	
MINDIK	bmu	ear	1247	39	kecap	1	
BURUM	bmu	ear	1247	39	kecap	1	
ONO	ons	ear	1247	39	ket	1	"stem, ""its ear"""
KOMBA	kpf	ear	1247	39	kidap	1	"stem, ""its ear"""
SELEPET	spl	ear	1247	39	odop	2	"stem, ""its ear"""
TIMBE	tim	ear	1247	39	odop	2	"stem, ""its ear"""
NABAK	naf	ear	1247	39	wak	3	"stem, ""its ear"""
MOMOLILI	mci	ear	1247	39	b3b3t	4	"stem, ""its ear"""
KATE	kmg	eye	1248	40	coNe	1	"stem, ""its eye"""
MAPE_2	mlh	eye	1248	40	ciNo	1	
DEDUA	ded	eye	1248	40	kiwa	2	"stem, ""its eye"""
HUBE	kgf	eye	1248	40	kiwa	2	"stem, ""its eye"""
TOBO	tbv	eye	1248	40	kp~at	3	"stem, ""its eye"""
KOSORONG	ksr	eye	1248	40	ca	4	
MINDIK	bmu	eye	1248	40	ce	4	
BURUM	bmu	eye	1248	40	ce	4	
ONO	ons	eye	1248	40	dei	4	"stem, ""its eye"""
KOMBA	kpf	eye	1248	40	si	4	"stem, ""its eye"""
SELEPET	spl	eye	1248	40	sen	4	"stem, ""its eye"""
TIMBE	tim	eye	1248	40	dewun	5	"stem, ""its eye"""
NABAK	naf	eye	1248	40	ci	4	"stem, ""its eye"""
MOMOLILI	mci	eye	1248	40	ci	4	"stem, ""its eye"""
KATE	kmg	nose	1221	41	soke	1	"stem, ""its nose"""
MAPE_2	mlh	nose	1221	41	siko	1	
DEDUA	ded	nose	1221	41	soge	1	"stem, ""its nose"""
HUBE	kgf	nose	1221	41	sere	2	"stem, ""its nose"""
TOBO	tbv	nose	1221	41	sohori	3	"stem, ""its nose"""
KOSORONG	ksr	nose	1221	41	sewaN	4	
MINDIK	bmu	nose	1221	41	soNgoro	3	
BURUM	bmu	nose	1221	41	sohoro	3	
ONO	ons	nose	1221	41	sot	5	"stem, ""its nose"""
KOMBA	kpf	nose	1221	41	sogon	3	"stem, ""its nose"""
SELEPET	spl	nose	1221	41	home	6	"stem, ""its nose"""
TIMBE	tim	nose	1221	41	home	6	"stem, ""its nose"""
NABAK	naf	nose	1221	41	NiN3N	7	"stem, ""its nose"""
MOMOLILI	mci	nose	1221	41	siNg~eN	8	"stem, ""its nose"""
KATE	kmg	tooth	1380	43	mi7	1	"stem, ""its tooth"""
MAPE_2	mlh	tooth	1380	43	misio	2	
DEDUA	ded	tooth	1380	43	enar	3	"stem, ""its tooth"""
HUBE	kgf	tooth	1380	43	cegl~	4	"stem, ""its tooth"""
TOBO	tbv	tooth	1380	43	cot	4	"stem, ""its tooth"""
KOSORONG	ksr	tooth	1380	43	cot	4	
MINDIK	bmu	tooth	1380	43	cot	4	
BURUM	bmu	tooth	1380	43	cit	4	
ONO	ons	tooth	1380	43	Net	5	"stem, ""its tooth"""
KOMBA	kpf	tooth	1380	43	sot	4	"stem, ""its tooth"""
SELEPET	spl	tooth	1380	43	sot	4	"stem, ""its tooth"""
TIMBE	tim	tooth	1380	43	dot	4	"stem, ""its tooth"""
NABAK	naf	tooth	1380	43	cet	4	"stem, ""its tooth"""
MOMOLILI	mci	tooth	1380	43	c3t	4	"stem, ""its tooth"""
KATE	kmg	tongue	1205	44	nameN	1	"stem, ""its tongue"""
MAPE_2	mlh	tongue	1205	44	eroN	2	
DEDUA	ded	tongue	1205	44	nameN	1	"stem, ""its tongue"""
HUBE	kgf	tongue	1205	44	eceraN	3	"stem, ""its tongue"""
TOBO	tbv	tongue	1205	44	ecelom	3	"stem, ""its tongue"""
KOSORONG	ksr	tongue	1205	44	neselaN	3	
MINDIK	bmu	tongue	1205	44	nesolam	3	
BURUM	bmu	tongue	1205	44	neselam	3	
ONO	ons	tongue	1205	44	belakami	4	?its tongue?
KOMBA	kpf	tongue	1205	44	nobolam	3	"stem, ""its tongue"""
SELEPET	spl	tongue	1205	44	nibilam	3	"stem, ""its tongue"""
TIMBE	tim	tongue	1205	44	elewot	5	"stem, ""its tongue"""
NABAK	naf	tongue	1205	44	namb~arem	3	?its tongue?
MOMOLILI	mci	tongue	1205	44	namb~alaN	3	?its tongue?
KATE	kmg	claw	72	45	misiN	1	
MAPE_2	mlh	claw	72	45	yuyuN	2	
DEDUA	ded	claw	72	45	boN	3	
HUBE	kgf	claw	72	45	boNsewe	3	
TOBO	tbv	claw	72	45	kawon	4	
KOSORONG	ksr	claw	72	45	kosi	5	
MINDIK	bmu	claw	72	45	kesot	6	
BURUM	bmu	claw	72	45	kambo	7	
ONO	ons	claw	72	45	zolip	8	
KOMBA	kpf	claw	72	45	pakit	9	
SELEPET	spl	claw	72	45	pekat	9	
TIMBE	tim	claw	72	45	pekat	9	
NABAK	naf	claw	72	45	p3luk	10	
MOMOLILI	mci	claw	72	45	ciNg3Ng3N	11	
KATE	kmg	foot	1301	46	kike	1	
MAPE_2	mlh	foot	1301	46	kigo	1	
DEDUA	ded	foot	1301	46	hani	2	
HUBE	kgf	foot	1301	46	heni	2	
TOBO	tbv	foot	1301	46	kani	2	
KOSORONG	ksr	foot	1301	46	kani	2	
MINDIK	bmu	foot	1301	46	kana	2	
BURUM	bmu	foot	1301	46	kana	2	
ONO	ons	foot	1301	46	ki	1	
KOMBA	kpf	foot	1301	46	ki	1	
SELEPET	spl	foot	1301	46	koi	1	
TIMBE	tim	foot	1301	46	kei	1	
NABAK	naf	foot	1301	46	set	3	
MOMOLILI	mci	foot	1301	46	k3t	4	
KATE	kmg	knee	1371	47	dieN	1	"stem, ""his knee"""
MAPE_2	mlh	knee	1371	47	dieN	1	
DEDUA	ded	knee	1371	47	fakuruN	2	"stem, ""his knee"""
HUBE	kgf	knee	1371	47	simiN	3	"stem, ""his knee"""
TOBO	tbv	knee	1371	47	simin	3	"stem, ""his knee"""
KOSORONG	ksr	knee	1371	47	simiN	3	
MINDIK	bmu	knee	1371	47	simin	3	
BURUM	bmu	knee	1371	47	simin	3	
ONO	ons	knee	1371	47	wawet	4	"stem, ""his knee"""
KOMBA	kpf	knee	1371	47	simin	3	"stem, ""his knee"""
SELEPET	spl	knee	1371	47	pawut	5	"stem, ""his knee"""
TIMBE	tim	knee	1371	47	powut	5	"stem, ""his knee"""
NABAK	naf	knee	1371	47	kpet	6	"stem, ""his knee"""
MOMOLILI	mci	knee	1371	47	kpekakpat3	7	?his knee?
KATE	kmg	hand	1277	48	me	1	"stem, ""his hand"""
MAPE_2	mlh	hand	1277	48	me	1	
DEDUA	ded	hand	1277	48	mari	2	"stem, ""his hand"""
HUBE	kgf	hand	1277	48	meri	2	"stem, ""his hand"""
TOBO	tbv	hand	1277	48	moro	2	"stem, ""his hand"""
KOSORONG	ksr	hand	1277	48	borok	3	
MINDIK	bmu	hand	1277	48	cot	4	
BURUM	bmu	hand	1277	48	boro	2	
ONO	ons	hand	1277	48	me	1	"stem, ""his hand"""
KOMBA	kpf	hand	1277	48	bit	5	"stem, ""his hand"""
SELEPET	spl	hand	1277	48	bot	5	"stem, ""his hand"""
TIMBE	tim	hand	1277	48	bot	5	"stem, ""his hand"""
NABAK	naf	hand	1277	48	bet	5	"stem, ""his hand"""
MOMOLILI	mci	hand	1277	48	b3t	5	"stem, ""his hand"""
KATE	kmg	belly	1251	49	bu	1	
MAPE_2	mlh	belly	1251	49	ata	2	
DEDUA	ded	belly	1251	49	kera	3	
HUBE	kgf	belly	1251	49	tomeN	4	
TOBO	tbv	belly	1251	49	kerap	3	
KOSORONG	ksr	belly	1251	49	keri	3	
MINDIK	bmu	belly	1251	49	irip	5	
BURUM	bmu	belly	1251	49	golom	6	
ONO	ons	belly	1251	49	kai	7	
KOMBA	kpf	belly	1251	49	tip	8	
SELEPET	spl	belly	1251	49	tep	8	
TIMBE	tim	belly	1251	49	tep	8	
NABAK	naf	belly	1251	49	tip	8	
MOMOLILI	mci	belly	1251	49	tip	8	
KATE	kmg	neck	1333	50	upe	1	
MAPE_2	mlh	neck	1333	50	upe	1	
DEDUA	ded	neck	1333	50	upe	1	
HUBE	kgf	neck	1333	50	ebasi~gla	2	
TOBO	tbv	neck	1333	50	cel	3	
KOSORONG	ksr	neck	1333	50	are	4	
MINDIK	bmu	neck	1333	50	col	3	
BURUM	bmu	neck	1333	50	col	3	
ONO	ons	neck	1333	50	ebi	1	
KOMBA	kpf	neck	1333	50	godu	5	
SELEPET	spl	neck	1333	50	obe	1	
TIMBE	tim	neck	1333	50	han	6	
NABAK	naf	neck	1333	50	Nande	7	
MOMOLILI	mci	neck	1333	50	andeN	7	
KATE	kmg	breast	1402	51	moN	1	
MAPE_2	mlh	breast	1402	51	moN	1	
DEDUA	ded	breast	1402	51	namu	2	
HUBE	kgf	breast	1402	51	namu	2	
TOBO	tbv	breast	1402	51	namo	2	
KOSORONG	ksr	breast	1402	51	acu	3	
MINDIK	bmu	breast	1402	51	cucu	3	
BURUM	bmu	breast	1402	51	cucu	3	
ONO	ons	breast	1402	51	Namu	2	
KOMBA	kpf	breast	1402	51	nam	2	
SELEPET	spl	breast	1402	51	nam	2	
TIMBE	tim	breast	1402	51	nam	2	
NABAK	naf	breast	1402	51	nam	2	
MOMOLILI	mci	breast	1402	51	nam	2	
KATE	kmg	heart	1223	52	bu hondoN	1	
MAPE_2	mlh	heart	1223	52	maki koruN	2	
DEDUA	ded	heart	1223	52	woso honduN	3	
HUBE	kgf	heart	1223	52	webogokme	4	
TOBO	tbv	heart	1223	52	wel bot	5	
KOSORONG	ksr	heart	1223	52	bakota	6	
MINDIK	bmu	heart	1223	52	wel bot	5	
BURUM	bmu	heart	1223	52	wel bot	5	
ONO	ons	heart	1223	52	kombaNi	7	
KOMBA	kpf	heart	1223	52	kabiam	8	
SELEPET	spl	heart	1223	52	kabiam	8	
TIMBE	tim	heart	1223	52	okot	9	
NABAK	naf	heart	1223	52	gum k3t	10	
MOMOLILI	mci	heart	1223	52	wemb3 k3t	11	
KATE	kmg	eat	1336	55	no	1	
MAPE_2	mlh	eat	1336	55	na	1	
DEDUA	ded	eat	1336	55	ne	1	
HUBE	kgf	eat	1336	55	ne	1	
TOBO	tbv	eat	1336	55	ne	1	
KOSORONG	ksr	eat	1336	55	ne	1	
MINDIK	bmu	eat	1336	55	ne	1	
BURUM	bmu	eat	1336	55	ne	1	
ONO	ons	eat	1336	55	ni	1	
KOMBA	kpf	eat	1336	55	ni	1	
SELEPET	spl	eat	1336	55	ni	1	
TIMBE	tim	eat	1336	55	ni	1	
NABAK	naf	eat	1336	55	ni	1	
MOMOLILI	mci	eat	1336	55	nin	1	
KATE	kmg	bite	1403	56	ki	1	
MAPE_2	mlh	bite	1403	56	ki	1	
DEDUA	ded	bite	1403	56	ki	1	
HUBE	kgf	bite	1403	56	ki	1	
TOBO	tbv	bite	1403	56	ki	1	
KOSORONG	ksr	bite	1403	56	ki	1	
MINDIK	bmu	bite	1403	56	yoho	2	
BURUM	bmu	bite	1403	56	yoho	2	
ONO	ons	bite	1403	56	ki	1	
KOMBA	kpf	bite	1403	56	zihi	2	
SELEPET	spl	bite	1403	56	ihi	2	
TIMBE	tim	bite	1403	56	ihi	2	
NABAK	naf	bite	1403	56	i	2	
MOMOLILI	mci	bite	1403	56	ye	3	
KATE	kmg	see	1409	57	honenu	1	"stem, ""he sees me"""
MAPE_2	mlh	see	1409	57	Nonenu	1	
DEDUA	ded	see	1409	57	nen	2	"stem, ""he sees me"""
HUBE	kgf	see	1409	57	ni	3	"stem, ""he sees me"""
TOBO	tbv	see	1409	57	nen	2	"stem, ""he sees me"""
KOSORONG	ksr	see	1409	57	ni	3	
MINDIK	bmu	see	1409	57	nek	4	
BURUM	bmu	see	1409	57	nek	4	
ONO	ons	see	1409	57	nan	2	"stem, ""he sees me"""
KOMBA	kpf	see	1409	57	nek	4	"stem, ""he sees me"""
SELEPET	spl	see	1409	57	nek	4	"stem, ""he sees me"""
TIMBE	tim	see	1409	57	nek	4	"stem, ""he sees me"""
NABAK	naf	see	1409	57	ni	3	"stem, ""he sees me"""
MOMOLILI	mci	see	1409	57	n3x3i	5	"stem, ""he sees me"""
KATE	kmg	know	1410	59	mana	1	
MAPE_2	mlh	know	1410	59	mane	1	
DEDUA	ded	know	1410	59	negen	2	
HUBE	kgf	know	1410	59	nin	3	
TOBO	tbv	know	1410	59	nin	3	
KOSORONG	ksr	know	1410	59	mo	4	
MINDIK	bmu	know	1410	59	mo	4	
BURUM	bmu	know	1410	59	ma	4	
ONO	ons	know	1410	59	deri	5	
KOMBA	kpf	know	1410	59	naga	6	
SELEPET	spl	know	1410	59	naga	6	
TIMBE	tim	know	1410	59	nogo	6	
NABAK	naf	know	1410	59	noi	7	
MOMOLILI	mci	know	1410	59	niNge	6	
KATE	kmg	sleep	1585	60	fo	1	
MAPE_2	mlh	sleep	1585	60	kp~e	2	
DEDUA	ded	sleep	1585	60	fe	1	
HUBE	kgf	sleep	1585	60	fe	1	
TOBO	tbv	sleep	1585	60	goohe	3	
KOSORONG	ksr	sleep	1585	60	e	1	
MINDIK	bmu	sleep	1585	60	aho	4	
BURUM	bmu	sleep	1585	60	aho	4	
ONO	ons	sleep	1585	60	pa	5	
KOMBA	kpf	sleep	1585	60	zi	6	
SELEPET	spl	sleep	1585	60	i	6	
TIMBE	tim	sleep	1585	60	ye	6	
NABAK	naf	sleep	1585	60	we	7	
MOMOLILI	mci	sleep	1585	60	we	7	
KATE	kmg	die	1494	61	homo	1	"stem, ""he dies"""
MAPE_2	mlh	die	1494	61	kome	1	
DEDUA	ded	die	1494	61	home	1	"stem, ""he dies"""
HUBE	kgf	die	1494	61	humu	1	"stem, ""he dies"""
TOBO	tbv	die	1494	61	komu	1	"stem, ""he dies"""
KOSORONG	ksr	die	1494	61	komu	1	
MINDIK	bmu	die	1494	61	komu	1	
BURUM	bmu	die	1494	61	komu	1	
ONO	ons	die	1494	61	seuki	2	"stem, ""he dies"""
KOMBA	kpf	die	1494	61	mu	3	"stem, ""he dies"""
SELEPET	spl	die	1494	61	mu	3	"stem, ""he dies"""
TIMBE	tim	die	1494	61	mo	3	"stem, ""he dies"""
NABAK	naf	die	1494	61	g3ki	4	"stem, ""he dies"""
MOMOLILI	mci	die	1494	61	g3ki	4	"stem, ""he dies"""
KATE	kmg	come	1446	66	wefu	1	"stem, ""he comes"""
MAPE_2	mlh	come	1446	66	wape	2	
DEDUA	ded	come	1446	66	ere	3	"stem, ""he comes"""
HUBE	kgf	come	1446	66	ere	3	"stem, ""he comes"""
TOBO	tbv	come	1446	66	ka	4	"stem, ""he comes"""
KOSORONG	ksr	come	1446	66	wa	5	
MINDIK	bmu	come	1446	66	ka	4	
BURUM	bmu	come	1446	66	ka	4	
ONO	ons	come	1446	66	sa	6	"stem, ""he comes"""
KOMBA	kpf	come	1446	66	ga	4	"stem, ""he comes"""
SELEPET	spl	come	1446	66	ga	4	"stem, ""he comes"""
TIMBE	tim	come	1446	66	gu	4	"stem, ""he comes"""
NABAK	naf	come	1446	66	kpe	7	"stem, ""he comes"""
MOMOLILI	mci	come	1446	66	ko	8	"stem, ""he comes"""
KATE	kmg	sit	1416	68	Ne	1	
MAPE_2	mlh	sit	1416	68	Ne	1	
DEDUA	ded	sit	1416	68	tak	2	
HUBE	kgf	sit	1416	68	tak	2	
TOBO	tbv	sit	1416	68	ta	2	
KOSORONG	ksr	sit	1416	68	ra	2	
MINDIK	bmu	sit	1416	68	ta	2	
BURUM	bmu	sit	1416	68	ta	2	
ONO	ons	sit	1416	68	meri	3	
KOMBA	kpf	sit	1416	68	ta	2	
SELEPET	spl	sit	1416	68	ta	2	
TIMBE	tim	sit	1416	68	ta	2	
NABAK	naf	sit	1416	68	ta	2	
MOMOLILI	mci	sit	1416	68	ta	2	
KATE	kmg	stand	1442	69	doma	1	
MAPE_2	mlh	stand	1442	69	dimi	1	
DEDUA	ded	stand	1442	69	nan	2	
HUBE	kgf	stand	1442	69	nan	2	
TOBO	tbv	stand	1442	69	nan	2	
KOSORONG	ksr	stand	1442	69	nan	2	
MINDIK	bmu	stand	1442	69	kin	3	
BURUM	bmu	stand	1442	69	kin	3	
ONO	ons	stand	1442	69	okore	4	
KOMBA	kpf	stand	1442	69	kin	3	
SELEPET	spl	stand	1442	69	kin	3	
TIMBE	tim	stand	1442	69	kin	3	
NABAK	naf	stand	1442	69	ta	5	
MOMOLILI	mci	stand	1442	69	ta	5	
KATE	kmg	give	1447	70	nare	1	
MAPE_2	mlh	give	1447	70	nare	1	
DEDUA	ded	give	1447	70	nen	2	
HUBE	kgf	give	1447	70	nen	2	
TOBO	tbv	give	1447	70	nem	2	
KOSORONG	ksr	give	1447	70	non	2	
MINDIK	bmu	give	1447	70	niNgi	3	
BURUM	bmu	give	1447	70	niNgi	3	
ONO	ons	give	1447	70	nin	2	
KOMBA	kpf	give	1447	70	nih	3	
SELEPET	spl	give	1447	70	nihi	3	
TIMBE	tim	give	1447	70	niN	3	
NABAK	naf	give	1447	70	nai	4	
MOMOLILI	mci	give	1447	70	naka	5	
KATE	kmg	say	1458	71	mu	1	
MAPE_2	mlh	say	1458	71	mi	1	
DEDUA	ded	say	1458	71	de	2	
HUBE	kgf	say	1458	71	ce	2	
TOBO	tbv	say	1458	71	ci	2	
KOSORONG	ksr	say	1458	71	co	2	
MINDIK	bmu	say	1458	71	ci	2	
BURUM	bmu	say	1458	71	ci	2	
ONO	ons	say	1458	71	ra	3	
KOMBA	kpf	say	1458	71	s	2	
SELEPET	spl	say	1458	71	y	2	
TIMBE	tim	say	1458	71	ma	4	
NABAK	naf	say	1458	71	cei	2	
MOMOLILI	mci	say	1458	71	c3	2	
KATE	kmg	sun	1343	72	coaN	1	
MAPE_2	mlh	sun	1343	72	wegi	2	
DEDUA	ded	sun	1343	72	wonak	3	
HUBE	kgf	sun	1343	72	kaiwe	4	
TOBO	tbv	sun	1343	72	kaiwe	4	
KOSORONG	ksr	sun	1343	72	weN	5	
MINDIK	bmu	sun	1343	72	wehon	6	
BURUM	bmu	sun	1343	72	welgon	6	
ONO	ons	sun	1343	72	kaiwe	4	
KOMBA	kpf	sun	1343	72	mirosiN	7	
SELEPET	spl	sun	1343	72	dewuto	8	
TIMBE	tim	sun	1343	72	poiap	9	
NABAK	naf	sun	1343	72	k3suk	10	
MOMOLILI	mci	sun	1343	72	k3su	11	
KATE	kmg	moon	1313	73	mosa	1	
MAPE_2	mlh	moon	1313	73	mosa	1	
DEDUA	ded	moon	1313	73	afo	2	
HUBE	kgf	moon	1313	73	komoN	3	
TOBO	tbv	moon	1313	73	kombol	3	
KOSORONG	ksr	moon	1313	73	koiN	4	
MINDIK	bmu	moon	1313	73	kaiN	4	
BURUM	bmu	moon	1313	73	kain	4	
ONO	ons	moon	1313	73	meso	1	
KOMBA	kpf	moon	1313	73	kain	4	
SELEPET	spl	moon	1313	73	emesenNe	5	
TIMBE	tim	moon	1313	73	dewuto hodohon gotNe	6	
NABAK	naf	moon	1313	73	eyoNge	7	
MOMOLILI	mci	moon	1313	73	3yoNga	7	
KATE	kmg	star	1430	74	bopiN	1	
MAPE_2	mlh	star	1430	74	bopiN	1	
DEDUA	ded	star	1430	74	bopiN	1	
HUBE	kgf	star	1430	74	sikiru	2	
TOBO	tbv	star	1430	74	sekelo	2	
KOSORONG	ksr	star	1430	74	seNgeleu	2	
MINDIK	bmu	star	1430	74	seNgelau	2	
BURUM	bmu	star	1430	74	seNgelau	2	
ONO	ons	star	1430	74	serekiN	3	
KOMBA	kpf	star	1430	74	segelak	2	
SELEPET	spl	star	1430	74	petu	4	
TIMBE	tim	star	1430	74	pituN	4	
NABAK	naf	star	1430	74	wenzim	5	
MOMOLILI	mci	star	1430	74	c3m3rinc~3	6	
KATE	kmg	water	948	75	opo	1	
MAPE_2	mlh	water	948	75	owu	2	
DEDUA	ded	water	948	75	doku	3	
HUBE	kgf	water	948	75	doku	3	
TOBO	tbv	water	948	75	duku	3	
KOSORONG	ksr	water	948	75	apuk	4	
MINDIK	bmu	water	948	75	ou	2	
BURUM	bmu	water	948	75	ou	2	
ONO	ons	water	948	75	doku	3	
KOMBA	kpf	water	948	75	to	5	
SELEPET	spl	water	948	75	to	5	
TIMBE	tim	water	948	75	tu	5	
NABAK	naf	water	948	75	tu	5	
MOMOLILI	mci	water	948	75	tu	5	
KATE	kmg	rain	658	76	hoe	1	
MAPE_2	mlh	rain	658	76	kue	1	
DEDUA	ded	rain	658	76	kia	1	
HUBE	kgf	rain	658	76	kia	1	
TOBO	tbv	rain	658	76	kia	1	
KOSORONG	ksr	rain	658	76	koN	2	
MINDIK	bmu	rain	658	76	kie	1	
BURUM	bmu	rain	658	76	kie	1	
ONO	ons	rain	658	76	koia	1	
KOMBA	kpf	rain	658	76	map	3	
SELEPET	spl	rain	658	76	gelok	4	
TIMBE	tim	rain	658	76	tonok	5	
NABAK	naf	rain	658	76	map	3	
MOMOLILI	mci	rain	658	76	ma	3	
KATE	kmg	stone	857	77	kp~ono	1	
MAPE_2	mlh	stone	857	77	kok	2	
DEDUA	ded	stone	857	77	hok	2	
HUBE	kgf	stone	857	77	gokmea	3	
TOBO	tbv	stone	857	77	baNa	4	
KOSORONG	ksr	stone	857	77	camok	5	
MINDIK	bmu	stone	857	77	kot	6	
BURUM	bmu	stone	857	77	kot	6	
ONO	ons	stone	857	77	wesi	7	
KOMBA	kpf	stone	857	77	kot	6	
SELEPET	spl	stone	857	77	kot	6	
TIMBE	tim	stone	857	77	kot	6	
NABAK	naf	stone	857	77	nanc~3N	8	
MOMOLILI	mci	stone	857	77	nanc~a	8	
KATE	kmg	sand	671	78	moNgeN	1	
MAPE_2	mlh	sand	671	78	mageN	1	
DEDUA	ded	sand	671	78	moNgeN	1	
HUBE	kgf	sand	671	78	sakesa	2	
TOBO	tbv	sand	671	78	sak	2	
KOSORONG	ksr	sand	671	78	sakasiN	2	
MINDIK	bmu	sand	671	78	sakosiN	2	
BURUM	bmu	sand	671	78	sak	2	
ONO	ons	sand	671	78	gb~alak	3	
KOMBA	kpf	sand	671	78	sak	2	
SELEPET	spl	sand	671	78	sak	2	
TIMBE	tim	sand	671	78	sak	2	
NABAK	naf	sand	671	78	gambibit	4	
MOMOLILI	mci	sand	671	78	gaNa	5	
KATE	kmg	earth	1228	79	moreN	1	
MAPE_2	mlh	earth	1228	79	moreN	1	
DEDUA	ded	earth	1228	79	baNek	2	
HUBE	kgf	earth	1228	79	baek	2	
TOBO	tbv	earth	1228	79	bait	2	
KOSORONG	ksr	earth	1228	79	namok	3	
MINDIK	bmu	earth	1228	79	baloN	4	
BURUM	bmu	earth	1228	79	golme	5	
ONO	ons	earth	1228	79	kepe	6	
KOMBA	kpf	earth	1228	79	an	7	
SELEPET	spl	earth	1228	79	hon	7	
TIMBE	tim	earth	1228	79	hon	7	
NABAK	naf	earth	1228	79	misat	8	
MOMOLILI	mci	earth	1228	79	misa	8	
KATE	kmg	cloud	1489	80	karora7	1	
MAPE_2	mlh	cloud	1489	80	goweN	2	
DEDUA	ded	cloud	1489	80	kurumeN	3	
HUBE	kgf	cloud	1489	80	hosesu	4	
TOBO	tbv	cloud	1489	80	kosu	4	
KOSORONG	ksr	cloud	1489	80	kosuk	4	
MINDIK	bmu	cloud	1489	80	kousu	4	
BURUM	bmu	cloud	1489	80	kousu	4	
ONO	ons	cloud	1489	80	kezoN	5	
KOMBA	kpf	cloud	1489	80	sasa	6	
SELEPET	spl	cloud	1489	80	elem	7	
TIMBE	tim	cloud	1489	80	hamadat	8	
NABAK	naf	cloud	1489	80	canca	9	
MOMOLILI	mci	cloud	1489	80	kumbu	10	
KATE	kmg	smoke	778	81	hoso7	1	
MAPE_2	mlh	smoke	778	81	kosok	1	
DEDUA	ded	smoke	778	81	husuk	1	
HUBE	kgf	smoke	778	81	hofak	1	
TOBO	tbv	smoke	778	81	kasak	1	
KOSORONG	ksr	smoke	778	81	kasok	1	
MINDIK	bmu	smoke	778	81	kowak	1	
BURUM	bmu	smoke	778	81	kasak	1	
ONO	ons	smoke	778	81	Naup	2	
KOMBA	kpf	smoke	778	81	mudo	3	
SELEPET	spl	smoke	778	81	utun	4	
TIMBE	tim	smoke	778	81	dowok	5	
NABAK	naf	smoke	778	81	k3s3k	1	
MOMOLILI	mci	smoke	778	81	k3s3	1	
KATE	kmg	ash	646	83	cafe	1	
MAPE_2	mlh	ash	646	83	cafe	1	
DEDUA	ded	ash	646	83	hama	2	
HUBE	kgf	ash	646	83	homa	2	
TOBO	tbv	ash	646	83	kama	2	
KOSORONG	ksr	ash	646	83	tok	3	
MINDIK	bmu	ash	646	83	kau	4	
BURUM	bmu	ash	646	83	kau	4	
ONO	ons	ash	646	83	kau	4	
KOMBA	kpf	ash	646	83	kau	4	
SELEPET	spl	ash	646	83	kou	4	
TIMBE	tim	ash	646	83	kau	4	
NABAK	naf	ash	646	83	kou	4	
MOMOLILI	mci	ash	646	83	cita	5	
KATE	kmg	burn	2102	84	ca	1	
MAPE_2	mlh	burn	2102	84	ca	1	
DEDUA	ded	burn	2102	84	ca	1	
HUBE	kgf	burn	2102	84	ce	1	
TOBO	tbv	burn	2102	84	ce	1	
KOSORONG	ksr	burn	2102	84	ce	1	
MINDIK	bmu	burn	2102	84	ce	1	
BURUM	bmu	burn	2102	84	ce	1	
ONO	ons	burn	2102	84	ci	1	
KOMBA	kpf	burn	2102	84	si	1	
SELEPET	spl	burn	2102	84	si	1	
TIMBE	tim	burn	2102	84	o	2	
NABAK	naf	burn	2102	84	ci	1	
MOMOLILI	mci	burn	2102	84	ci	1	
KATE	kmg	road	667	85	hata	1	
MAPE_2	mlh	road	667	85	kari	2	
DEDUA	ded	road	667	85	siN	3	
HUBE	kgf	road	667	85	hena	4	
TOBO	tbv	road	667	85	kona	4	
KOSORONG	ksr	road	667	85	kanak	4	
MINDIK	bmu	road	667	85	kona	4	
BURUM	bmu	road	667	85	kona	4	
ONO	ons	road	667	85	numa	5	
KOMBA	kpf	road	667	85	motop	6	
SELEPET	spl	road	667	85	giop	7	
TIMBE	tim	road	667	85	dop	8	
NABAK	naf	road	667	85	set	9	
MOMOLILI	mci	road	667	85	k3	4	
KATE	kmg	mountain	639	86	tiki	1	
MAPE_2	mlh	mountain	639	86	tiki	1	
DEDUA	ded	mountain	639	86	tiki	1	
HUBE	kgf	mountain	639	86	boNa	2	
TOBO	tbv	mountain	639	86	bohoNa	2	
KOSORONG	ksr	mountain	639	86	baNa	2	
MINDIK	bmu	mountain	639	86	kunduNi	3	
BURUM	bmu	mountain	639	86	kunduNi	3	
ONO	ons	mountain	639	86	bonaga	2	
KOMBA	kpf	mountain	639	86	kakNa	4	
SELEPET	spl	mountain	639	86	giboNe	5	
TIMBE	tim	mountain	639	86	giboNe	5	
NABAK	naf	mountain	639	86	kal3N	6	
MOMOLILI	mci	mountain	639	86	kalaN	6	
KATE	kmg	red	156	87	boboroN	1	
MAPE_2	mlh	red	156	87	boboroN	1	
DEDUA	ded	red	156	87	sak sak	2	
HUBE	kgf	red	156	87	pesia	3	
TOBO	tbv	red	156	87	posoha	3	
KOSORONG	ksr	red	156	87	osoga	4	
MINDIK	bmu	red	156	87	posikNi	3	
BURUM	bmu	red	156	87	pisikNi	3	
ONO	ons	red	156	87	weNemka	5	
KOMBA	kpf	red	156	87	kuriN	6	
SELEPET	spl	red	156	87	kuriN	6	
TIMBE	tim	red	156	87	gilomNe	7	
NABAK	naf	red	156	87	Nam3N	8	
MOMOLILI	mci	red	156	87	kukN	9	
KATE	kmg	green	1425	88	oroNbori7	1	
MAPE_2	mlh	green	1425	88	buge	2	
DEDUA	ded	green	1425	88	oroNborik	1	
HUBE	kgf	green	1425	88	gerik meria	3	
TOBO	tbv	green	1425	88	asoNa	4	
KOSORONG	ksr	green	1425	88	asoN asoN	4	
MINDIK	bmu	green	1425	88	toNgon toNgon	5	
BURUM	bmu	green	1425	88	gorokNi	6	
ONO	ons	green	1425	88	wisika	7	
KOMBA	kpf	green	1425	88	wohon wohon	8	
SELEPET	spl	green	1425	88	golo	9	
TIMBE	tim	green	1425	88	golo	9	
NABAK	naf	green	1425	88	araN3N	10	
MOMOLILI	mci	green	1425	88	kokN	11	
KATE	kmg	yellow	1424	89	boNeNne	1	
MAPE_2	mlh	yellow	1424	89	boboNeN	1	
DEDUA	ded	yellow	1424	89	cagea	2	
HUBE	kgf	yellow	1424	89	gb~aok gb~aok	3	
TOBO	tbv	yellow	1424	89	gb~aot gb~aot	3	
KOSORONG	ksr	yellow	1424	89	gogokota	4	
MINDIK	bmu	yellow	1424	89	gibaNi	5	
BURUM	bmu	yellow	1424	89	gohotNi	4	
ONO	ons	yellow	1424	89	yaNaike	6	
KOMBA	kpf	yellow	1424	89	gibaN gibaN	7	
SELEPET	spl	yellow	1424	89	gibaN	7	
TIMBE	tim	yellow	1424	89	gibaN	7	
NABAK	naf	yellow	1424	89	araraN	8	
MOMOLILI	mci	yellow	1424	89	alaN	8	
KATE	kmg	white	1335	90	kp~aN kp~aN	1	
MAPE_2	mlh	white	1335	90	kp~aN kp~aN	1	
DEDUA	ded	white	1335	90	koNak	2	
HUBE	kgf	white	1335	90	rarak	3	
TOBO	tbv	white	1335	90	lalap	3	
KOSORONG	ksr	white	1335	90	tataNkota	4	
MINDIK	bmu	white	1335	90	toatNi	5	
BURUM	bmu	white	1335	90	tuatNi	5	
ONO	ons	white	1335	90	libeka	6	
KOMBA	kpf	white	1335	90	kau kau	7	
SELEPET	spl	white	1335	90	kaok	7	
TIMBE	tim	white	1335	90	kau	7	
NABAK	naf	white	1335	90	satn3N	8	
MOMOLILI	mci	white	1335	90	sagatn	8	
KATE	kmg	black	163	91	gogopo7	1	
MAPE_2	mlh	black	163	91	gogowuk	1	
DEDUA	ded	black	163	91	cacu	2	
HUBE	kgf	black	163	91	capera	3	
TOBO	tbv	black	163	91	capala	3	
KOSORONG	ksr	black	163	91	incaNa	4	
MINDIK	bmu	black	163	91	incaNi	4	
BURUM	bmu	black	163	91	towuNi	5	
ONO	ons	black	163	91	dika	6	
KOMBA	kpf	black	163	91	sumun sumun	7	
SELEPET	spl	black	163	91	heleN	8	
TIMBE	tim	black	163	91	heleN	8	
NABAK	naf	black	163	91	sopm3N	9	
MOMOLILI	mci	black	163	91	s3mbopm	10	
KATE	kmg	night	1233	92	Nafe	1	
MAPE_2	mlh	night	1233	92	uwu	2	
DEDUA	ded	night	1233	92	tofonak	3	
HUBE	kgf	night	1233	92	siNi	4	
TOBO	tbv	night	1233	92	siNiaha	4	
KOSORONG	ksr	night	1233	92	ketek	5	
MINDIK	bmu	night	1233	92	suNgem	6	
BURUM	bmu	night	1233	92	suNgem	6	
ONO	ons	night	1233	92	ruwo	7	
KOMBA	kpf	night	1233	92	Natik	8	
SELEPET	spl	night	1233	92	omoN	9	
TIMBE	tim	night	1233	92	hadok	10	
NABAK	naf	night	1233	92	t3mb~uyat	11	
MOMOLILI	mci	night	1233	92	mimb~a	12	
KATE	kmg	hot	1286	93	co7	1	
MAPE_2	mlh	hot	1286	93	foro	2	
DEDUA	ded	hot	1286	93	gerek	3	
HUBE	kgf	hot	1286	93	gerik	3	
TOBO	tbv	hot	1286	93	girua	3	
KOSORONG	ksr	hot	1286	93	gerek	3	
MINDIK	bmu	hot	1286	93	konop	4	
BURUM	bmu	hot	1286	93	kondop	4	
ONO	ons	hot	1286	93	gerep	3	
KOMBA	kpf	hot	1286	93	korop	4	
SELEPET	spl	hot	1286	93	kolop	4	
TIMBE	tim	hot	1286	93	kolop	4	
NABAK	naf	hot	1286	93	tecin	5	
MOMOLILI	mci	hot	1286	93	teci	5	
KATE	kmg	cold	1287	94	moteNne	1	
MAPE_2	mlh	cold	1287	94	moteNne	1	
DEDUA	ded	cold	1287	94	moteNa	1	
HUBE	kgf	cold	1287	94	sageNa	2	
TOBO	tbv	cold	1287	94	saNgeN	2	
KOSORONG	ksr	cold	1287	94	oloNa	3	
MINDIK	bmu	cold	1287	94	hamotNi	4	
BURUM	bmu	cold	1287	94	ciNim	5	
ONO	ons	cold	1287	94	momoine	6	
KOMBA	kpf	cold	1287	94	poteN	7	
SELEPET	spl	cold	1287	94	bolopNe	8	
TIMBE	tim	cold	1287	94	bolopNe	8	
NABAK	naf	cold	1287	94	bakN3N	9	
MOMOLILI	mci	cold	1287	94	tak3N	10	
KATE	kmg	full	1429	95	fuse	1	"stem, ""it is full"""
MAPE_2	mlh	full	1429	95	fuse	1	
DEDUA	ded	full	1429	95	wake	2	"stem, ""it is full"""
HUBE	kgf	full	1429	95	koia kp~e	3	"""it is full"""
TOBO	tbv	full	1429	95	koia kp~e	3	"""it is full"""
KOSORONG	ksr	full	1429	95	sa kp~e	4	
MINDIK	bmu	full	1429	95	koko kp~e	5	
BURUM	bmu	full	1429	95	kokolak kp~e	5	
ONO	ons	full	1429	95	weTgi	6	"stem, ""it is full"""
KOMBA	kpf	full	1429	95	pik	7	"stem, ""it is full"""
SELEPET	spl	full	1429	95	pik	7	"stem, ""it is full"""
TIMBE	tim	full	1429	95	pik	7	"stem, ""it is full"""
NABAK	naf	full	1429	95	cece kpe	8	"""it is full"""
MOMOLILI	mci	full	1429	95	c3c3 ko	8	"stem, ""it is full"""
KATE	kmg	new	1231	96	gb~orine	1	
MAPE_2	mlh	new	1231	96	gb~oine	1	
DEDUA	ded	new	1231	96	gb~oria	1	
HUBE	kgf	new	1231	96	gb~eria	1	
TOBO	tbv	new	1231	96	gb~ilik	1	
KOSORONG	ksr	new	1231	96	gb~ilia	1	
MINDIK	bmu	new	1231	96	dolokNi	2	
BURUM	bmu	new	1231	96	dolokNi	2	
ONO	ons	new	1231	96	wele	3	
KOMBA	kpf	new	1231	96	irakNo	2	
SELEPET	spl	new	1231	96	oiNe	4	
TIMBE	tim	new	1231	96	irakNe	2	
NABAK	naf	new	1231	96	arakN3N	2	
MOMOLILI	mci	new	1231	96	gor3N	5	
KATE	kmg	good	1035	97	biaNne	1	
MAPE_2	mlh	good	1035	97	fine	2	
DEDUA	ded	good	1035	97	gombuNa	3	
HUBE	kgf	good	1035	97	fia	2	
TOBO	tbv	good	1035	97	eha	4	
KOSORONG	ksr	good	1035	97	aua	5	
MINDIK	bmu	good	1035	97	olpNi	6	
BURUM	bmu	good	1035	97	olpNi	6	
ONO	ons	good	1035	97	maine	7	
KOMBA	kpf	good	1035	97	olipNo	6	
SELEPET	spl	good	1035	97	olipNe	6	
TIMBE	tim	good	1035	97	olipNe	6	
NABAK	naf	good	1035	97	kp~emben3N	8	
MOMOLILI	mci	good	1035	97	saNgam	9	
KATE	kmg	round	1395	98	oroN oroN	1	
MAPE_2	mlh	round	1395	98	oroN	1	
DEDUA	ded	round	1395	98	oroN	1	
HUBE	kgf	round	1395	98	rerek rerek	2	
TOBO	tbv	round	1395	98	koroN koroN	1	
KOSORONG	ksr	round	1395	98	lilik lilik	2	
MINDIK	bmu	round	1395	98	lilik lilik	2	
BURUM	bmu	round	1395	98	lambo	3	
ONO	ons	round	1395	98	lolik lolik	2	
KOMBA	kpf	round	1395	98	gawoN gawoN	4	
SELEPET	spl	round	1395	98	gawoN gawoN	4	
TIMBE	tim	round	1395	98	gawoN gawoN	4	
NABAK	naf	round	1395	98	kililiN	5	
MOMOLILI	mci	round	1395	98	warag3n	6	
KATE	kmg	dry	1398	99	kereNke	1	
MAPE_2	mlh	dry	1398	99	ciga	2	
DEDUA	ded	dry	1398	99	kereN	1	
HUBE	kgf	dry	1398	99	irege	3	
TOBO	tbv	dry	1398	99	cipko	4	
KOSORONG	ksr	dry	1398	99	tobori	5	
MINDIK	bmu	dry	1398	99	oroNgo	6	
BURUM	bmu	dry	1398	99	oroNgo	6	
ONO	ons	dry	1398	99	cipki	4	
KOMBA	kpf	dry	1398	99	araroN	6	
SELEPET	spl	dry	1398	99	horoN	6	
TIMBE	tim	dry	1398	99	kamili	7	
NABAK	naf	dry	1398	99	ko	8	
MOMOLILI	mci	dry	1398	99	alaNg3	6	
KATE	kmg	name	1405	100	coNe	1	"stem, ""its name"""
MAPE_2	mlh	name	1405	100	ciNo	1	
DEDUA	ded	name	1405	100	kiwa	2	"stem, ""its name"""
HUBE	kgf	name	1405	100	kiwa	2	"stem, ""its name"""
TOBO	tbv	name	1405	100	kiwa	2	"stem, ""its name"""
KOSORONG	ksr	name	1405	100	cakota	3	
MINDIK	bmu	name	1405	100	kurap	4	
BURUM	bmu	name	1405	100	kp~et	5	
ONO	ons	name	1405	100	dei	6	"stem, ""its name"""
KOMBA	kpf	name	1405	100	kut	7	"stem, ""its name"""
SELEPET	spl	name	1405	100	kut	7	"stem, ""its name"""
TIMBE	tim	name	1405	100	kot	7	"stem, ""its name"""
NABAK	naf	name	1405	100	cik3t	3	"stem, ""its name"""
MOMOLILI	mci	name	1405	100	kot	7	"stem, ""its name"""
