language	iso_code	gloss	global_id	local_id	transcription	cognate_class	notes
JEH	jeh	I	1209	1	aut	1	
BAHNAR	bdq	I	1209	1	i5	2	
CHRAU	crw	I	1209	1	a5	2	also: i5
VIETNAMESE	vie	I	1209	1	toi	3	
RUC	scb	I	1209	1	ho	-1	
MON	mnw	I	1209	1	ay	2	
NYAKUR	cbn	I	1209	1	e5	2	
KHMER	khm	I	1209	1	kh~3nom	4	
SEMAI	sea	I	1209	1	E5	2	
WA	wbm	I	1209	1	37	1	
KSINMUL	puo	I	1209	1	a5	2	
KHASI	kha	I	1209	1	Na	-2	
MUNDARI	unr	I	1209	1	ain	2	
JEH	jeh	you	1213	2	mi	1	
CHRAU	crw	you	1213	2	mai	1	also: ai
VIETNAMESE	vie	you	1213	2	may	1	also: ti
RUC	scb	you	1213	2	mi	1	
MON	mnw	you	1213	2	beh	3	
NYAKUR	cbn	you	1213	2	ph~eh	3	
KHMER	khm	you	1213	2	EN	4	
KUI_THAILAND	kdt	you	1213	2	muaN	1	
SEMAI	sea	you	1213	2	hE7	2	
WA	wbm	you	1213	2	mai7	1	
DEANG	pce	you	1213	2	moi	1	
KHMU	kjg	you	1213	2	me	1	
KSINMUL	puo	you	1213	2	mih	1	
KHASI	kha	you	1213	2	me	1	
MUNDARI	unr	you	1213	2	am	1	
JEH	jeh	we	1212	3	yuan	1	
BAHNAR	bdq	we	1212	3	5on	1	
CHRAU	crw	we	1212	3	von	10	also: kh~ana5
VIETNAMESE	vie	we	1212	3	ta	2	also: mi5
RUC	scb	we	1212	3	Cupa	3	
MON	mnw	we	1212	3	puiy	4	
NYAKUR	cbn	we	1212	3	pEy	4	
KHMER	khm	we	1212	3	ya3N	5	
KUI_THAILAND	kdt	we	1212	3	mh~ai	6	
SEMAI	sea	we	1212	3	Zi7	7	
WA	wbm	we	1212	3	yi7	7	
DEANG	pce	we	1212	3	y3i	7	
KSINMUL	puo	we	1212	3	zi	7	
KHASI	kha	we	1212	3	Ni	-8	
MUNDARI	unr	we	1212	3	ale	9	
JEH	jeh	this	1214	4	mou	1	
BAHNAR	bdq	this	1214	4	nou	1	
RUC	scb	this	1214	4	ni	3	
MON	mnw	this	1214	4	na7	4	
NYAKUR	cbn	this	1214	4	o7	5	
KHMER	khm	this	1214	4	n3h	3	
SEMAI	sea	this	1214	4	adEh	3	
WA	wbm	this	1214	4	in	7	
KHMU	kjg	this	1214	4	k3 ki	8	
KHASI	kha	this	1214	4	ne	3	
MUNDARI	unr	this	1214	4	ni i7	3	
BAHNAR	bdq	that	78	5	ni	1	
RUC	scb	that	78	5	he	3	
MON	mnw	that	78	5	te7	4	
NYAKUR	cbn	that	78	5	te7	4	
KHMER	khm	that	78	5	noh	5	
KUI_THAILAND	kdt	that	78	5	k3i	2	
SEMAI	sea	that	78	5	aZeh	6	
WA	wbm	that	78	5	an	7	
DEANG	pce	that	78	5	d3	8	
KHMU	kjg	that	78	5	k3 ni	1	
KSINMUL	puo	that	78	5	p37ow	7	
KHASI	kha	that	78	5	ba	9	
MUNDARI	unr	that	78	5	han i7	10	
JEH	jeh	who	1235	6	bau	1	
BAHNAR	bdq	who	1235	6	bu	1	
RUC	scb	who	1235	6	ay	2	
NYAKUR	cbn	who	1235	6	35ah	3	
KHMER	khm	who	1235	6	kh~3nao	4	
KUI_THAILAND	kdt	who	1235	6	naw	4	
SEMAI	sea	who	1235	6	bo7	1	
WA	wbm	who	1235	6	mo7	6	
DEANG	pce	who	1235	6	se	7	
KHMU	kjg	who	1235	6	m3	6	
KSINMUL	puo	who	1235	6	noh	3	
MUNDARI	unr	who	1235	6	okoy	8	
JEH	jeh	what	1236	7	5ai	1	
BAHNAR	bdq	what	1236	7	ki3	2	
CHRAU	crw	what	1236	7	paC n7hy~a	3	also: mo7
VIETNAMESE	vie	what	1236	7	kai gi	2	
RUC	scb	what	1236	7	Cam3	4	
MON	mnw	what	1236	7	nu	5	
NYAKUR	cbn	what	1236	7	mo7	4	
KHMER	khm	what	1236	7	evi	6	
KUI_THAILAND	kdt	what	1236	7	na	5	
SEMAI	sea	what	1236	7	mah	4	
WA	wbm	what	1236	7	pati7	8	
DEANG	pce	what	1236	7	se muh	4	
KHMU	kjg	what	1236	7	m3h	4	
KSINMUL	puo	what	1236	7	h3lmoh	4	
MUNDARI	unr	what	1236	7	Ca na	10	
BAHNAR	bdq	no	1269	8	3h	1	
CHRAU	crw	no	1269	8	sun	1	also: daN
VIETNAMESE	vie	no	1269	8	kx~oN	2	
RUC	scb	no	1269	8	vaN	3	
MON	mnw	no	1269	8	ha	4	also: hw~a
NYAKUR	cbn	no	1269	8	ku	10	
KHMER	khm	no	1269	8	min	5	
SEMAI	sea	no	1269	8	pE7	6	
WA	wbm	no	1269	8	aN	7	
KHASI	kha	no	1269	8	em	8	
MUNDARI	unr	no	1269	8	ka	9	
MON	mnw	all	98	9	pa7uit	3	
NYAKUR	cbn	all	98	9	th~aN	-1	
KHMER	khm	all	98	9	tamN	1	
KUI_THAILAND	kdt	all	98	9	ai th~e	4	
SEMAI	sea	all	98	9	diC	5	
WA	wbm	all	98	9	to	-2	
DEANG	pce	all	98	9	dvi7	6	
KHMU	kjg	all	98	9	ku	7	
KHASI	kha	all	98	9	baroh	9	
MUNDARI	unr	all	98	9	soben	-3	
JEH	jeh	many	1198	10	k3dram	1	
BAHNAR	bdq	many	1198	10	th~3r	2	
CHRAU	crw	many	1198	10	go7	3	
VIETNAMESE	vie	many	1198	10	5ieu	4	
RUC	scb	many	1198	10	5iw	4	
MON	mnw	many	1198	10	gluiN	5	
NYAKUR	cbn	many	1198	10	kh~l3N	5	
KHMER	khm	many	1198	10	Cr~a3n	6	
KUI_THAILAND	kdt	many	1198	10	dal	7	
SEMAI	sea	many	1198	10	Z7~oy	8	
WA	wbm	many	1198	10	hun	9	
DEANG	pce	many	1198	10	mh~blam	1	
KHMU	kjg	many	1198	10	k3	10	
KSINMUL	puo	many	1198	10	gay	10	
KHASI	kha	many	1198	10	bun	11	
MUNDARI	unr	many	1198	10	bese	-1	
JEH	jeh	one	1493	11	mui	1	
BAHNAR	bdq	one	1493	11	mo5	1	
CHRAU	crw	one	1493	11	muoi	1	also: du
VIETNAMESE	vie	one	1493	11	mot	1	
RUC	scb	one	1493	11	moiC	1	
MON	mnw	one	1493	11	mw~ay	1	
NYAKUR	cbn	one	1493	11	mu3y	1	
KHMER	khm	one	1493	11	muey	1	
KUI_THAILAND	kdt	one	1493	11	mui	1	
SEMAI	sea	one	1493	11	nan37	2	
WA	wbm	one	1493	11	ti7	-1	
KHMU	kjg	one	1493	11	moy	1	
KSINMUL	puo	one	1493	11	met	-2	
KHASI	kha	one	1493	11	wei	4	
MUNDARI	unr	one	1493	11	miyod	1	
JEH	jeh	two	1498	12	bal	1	
BAHNAR	bdq	two	1498	12	bar	1	
CHRAU	crw	two	1498	12	var	1	
VIETNAMESE	vie	two	1498	12	hai	1	
RUC	scb	two	1498	12	hal	1	
MON	mnw	two	1498	12	ba	1	
NYAKUR	cbn	two	1498	12	bar	1	
KHMER	khm	two	1498	12	bir	1	
KUI_THAILAND	kdt	two	1498	12	bia	1	
SEMAI	sea	two	1498	12	nar	1	
WA	wbm	two	1498	12	ra	1	
KHMU	kjg	two	1498	12	par	1	
KSINMUL	puo	two	1498	12	soN	-1	
KHASI	kha	two	1498	12	ar	1	
MUNDARI	unr	two	1498	12	bar	1	
JEH	jeh	big	1202	13	tih	1	
BAHNAR	bdq	big	1202	13	tih	1	
CHRAU	crw	big	1202	13	ma7	2	
VIETNAMESE	vie	big	1202	13	lon	3	
RUC	scb	big	1202	13	m3am	4	
MON	mnw	big	1202	13	Znok	12	
NYAKUR	cbn	big	1202	13	3tol	5	
KHMER	khm	big	1202	13	dh~om	6	
KUI_THAILAND	kdt	big	1202	13	ph~3t	7	
SEMAI	sea	big	1202	13	nt~oy	5	
WA	wbm	big	1202	13	tiN	8	
DEANG	pce	big	1202	13	daN	13	
KHMU	kjg	big	1202	13	nam	9	
KSINMUL	puo	big	1202	13	do	5	
KHASI	kha	big	1202	13	kh~raw	10	
MUNDARI	unr	big	1202	13	maraN	11	
JEH	jeh	long	1203	14	proih	1	
BAHNAR	bdq	long	1203	14	keZuN	2	
CHRAU	crw	long	1203	14	joN	2	
VIETNAMESE	vie	long	1203	14	Zai	3	
RUC	scb	long	1203	14	yal	3	
MON	mnw	long	1203	14	ZliN	2	
NYAKUR	cbn	long	1203	14	kh~li5	2	
KHMER	khm	long	1203	14	vEN	4	
KUI_THAILAND	kdt	long	1203	14	nth$r3N	2	
SEMAI	sea	long	1203	14	Cr3kN	2	
WA	wbm	long	1203	14	laN	2	
DEANG	pce	long	1203	14	doN	2	
KHMU	kjg	long	1203	14	waN	5	
KSINMUL	puo	long	1203	14	3loN	2	
KHASI	kha	long	1203	14	ZeroN	2	
MUNDARI	unr	long	1203	14	ZiliN	2	
JEH	jeh	small	1246	15	t3si	1	
CHRAU	crw	small	1246	15	ken	3	
VIETNAMESE	vie	small	1246	15	5o	4	
RUC	scb	small	1246	15	dEdE	5	
MON	mnw	small	1246	15	5i	4	
NYAKUR	cbn	small	1246	15	nd~iC	6	
KHMER	khm	small	1246	15	tuC	6	
KUI_THAILAND	kdt	small	1246	15	kEt	7	
SEMAI	sea	small	1246	15	maCo*t	8	
WA	wbm	small	1246	15	iak	9	
DEANG	pce	small	1246	15	diat	6	
KHMU	kjg	small	1246	15	nE	4	
KSINMUL	puo	small	1246	15	nek	10	
KHASI	kha	small	1246	15	rit	11	
MUNDARI	unr	small	1246	15	kuniN	12	
BAHNAR	bdq	woman	962	16	drakan	1	
MON	mnw	woman	962	16	brau	3	
NYAKUR	cbn	woman	962	16	ph~3ph~raw	3	
KHMER	khm	woman	962	16	stri	-2	
KUI_THAILAND	kdt	woman	962	16	kuik3pai	4	
SEMAI	sea	woman	962	16	krdor	5	
WA	wbm	woman	962	16	bun	6	
DEANG	pce	woman	962	16	i pon	6	
KHMU	kjg	woman	962	16	C3mk3n	1	
KSINMUL	puo	woman	962	16	kh~on5i5	-3	
KHASI	kha	woman	962	16	briw	3	
MUNDARI	unr	woman	962	16	kuri	9	
BAHNAR	bdq	man	1554	17	droNlo	1	
MON	mnw	man	1554	17	tru7	3	
NYAKUR	cbn	man	1554	17	tuytruZ	3	
KHMER	khm	man	1554	17	purah	-1	
KUI_THAILAND	kdt	man	1554	17	kui th~ol	4	
SEMAI	sea	man	1554	17	kral	5	
WA	wbm	man	1554	17	sime7	6	
DEANG	pce	man	1554	17	mai	6	
KHMU	kjg	man	1554	17	C3mpro	-2	
KSINMUL	puo	man	1554	17	kh~onsay	-3	
KHASI	kha	man	1554	17	ai briw	3	
MUNDARI	unr	man	1554	17	kora	7	
JEH	jeh	person	683	18	m3Nai	1	
BAHNAR	bdq	person	683	18	b3Nai	1	
CHRAU	crw	person	683	18	tamun	2	
VIETNAMESE	vie	person	683	18	Nuoi	1	
RUC	scb	person	683	18	Nay	1	
MON	mnw	person	683	18	mnih	-1	
NYAKUR	cbn	person	683	18	m3nih	-1	
KHMER	khm	person	683	18	manus	-1	
KUI_THAILAND	kdt	person	683	18	kui	3	
SEMAI	sea	person	683	18	sn7~oy	1	
WA	wbm	person	683	18	pui	4	
DEANG	pce	person	683	18	to i	5	
KHMU	kjg	person	683	18	k3mmu	6	
KSINMUL	puo	person	683	18	ksiN	7	
KHASI	kha	person	683	18	briw	8	
MUNDARI	unr	person	683	18	horo	9	
JEH	jeh	fish	227	19	ka	1	
BAHNAR	bdq	fish	227	19	ka	1	
CHRAU	crw	fish	227	19	ka	1	
VIETNAMESE	vie	fish	227	19	ka	1	
RUC	scb	fish	227	19	aka	1	
MON	mnw	fish	227	19	ka	1	
NYAKUR	cbn	fish	227	19	ka7	1	
KHMER	khm	fish	227	19	tr~i	2	
KUI_THAILAND	kdt	fish	227	19	ka	1	
SEMAI	sea	fish	227	19	ka7	1	
WA	wbm	fish	227	19	ka7	1	
DEANG	pce	fish	227	19	ka	1	
KHMU	kjg	fish	227	19	ka	1	
KSINMUL	puo	fish	227	19	ka	1	
KHASI	kha	fish	227	19	dohkh~a	1	
MUNDARI	unr	fish	227	19	hai	1	
JEH	jeh	bird	937	20	Cim	1	
BAHNAR	bdq	bird	937	20	s3m	1	
CHRAU	crw	bird	937	20	sum	1	
VIETNAMESE	vie	bird	937	20	tim	1	
RUC	scb	bird	937	20	iCim	1	
MON	mnw	bird	937	20	gaCem	1	
NYAKUR	cbn	bird	937	20	5Ci3m	1	
KHMER	khm	bird	937	20	sat slap	2	
KUI_THAILAND	kdt	bird	937	20	CEml	1	
SEMAI	sea	bird	937	20	CEpm~	1	
WA	wbm	bird	937	20	sim	1	
DEANG	pce	bird	937	20	siN	1	
KHMU	kjg	bird	937	20	sim	1	
KSINMUL	puo	bird	937	20	Cem	1	
KHASI	kha	bird	937	20	sim	1	
MUNDARI	unr	bird	937	20	Cene	-1	
JEH	jeh	dog	2009	21	Co	1	
BAHNAR	bdq	dog	2009	21	ko	2	
CHRAU	crw	dog	2009	21	so	1	
VIETNAMESE	vie	dog	2009	21	to	1	
RUC	scb	dog	2009	21	aCo	1	
MON	mnw	dog	2009	21	kluiw	3	
NYAKUR	cbn	dog	2009	21	Ch~ur	3	
KHMER	khm	dog	2009	21	Ch~3kE	2	
KUI_THAILAND	kdt	dog	2009	21	Ca	1	
SEMAI	sea	dog	2009	21	Co7	1	
WA	wbm	dog	2009	21	so7	1	
DEANG	pce	dog	2009	21	a7o7	5	
KHMU	kjg	dog	2009	21	so	1	
KSINMUL	puo	dog	2009	21	ksew	1	
KHASI	kha	dog	2009	21	ksew	1	
MUNDARI	unr	dog	2009	21	seta	4	
JEH	jeh	louse	1392	22	k3Cay	1	
BAHNAR	bdq	louse	1392	22	si	1	
CHRAU	crw	louse	1392	22	si	1	
VIETNAMESE	vie	louse	1392	22	ti	1	
RUC	scb	louse	1392	22	Ci	1	
MON	mnw	louse	1392	22	Cay	1	
NYAKUR	cbn	louse	1392	22	Cay	1	
KHMER	khm	louse	1392	22	Cay	1	
KUI_THAILAND	kdt	louse	1392	22	5CE7	1	
SEMAI	sea	louse	1392	22	CE7	1	
WA	wbm	louse	1392	22	si7	1	
DEANG	pce	louse	1392	22	sai	1	
KHMU	kjg	louse	1392	22	se	1	
KSINMUL	puo	louse	1392	22	cey	1	
KHASI	kha	louse	1392	22	ksi	1	
MUNDARI	unr	louse	1392	22	si ku	1	
JEH	jeh	tree	906	23	loN	1	
BAHNAR	bdq	tree	906	23	loN	1	
CHRAU	crw	tree	906	23	Ch~o	2	
VIETNAMESE	vie	tree	906	23	kay	3	
RUC	scb	tree	906	23	k3y	3	
MON	mnw	tree	906	23	Ch~u	2	
NYAKUR	cbn	tree	906	23	Ch~u7	2	
KHMER	khm	tree	906	23	ta3m Zh~a3	2	
SEMAI	sea	tree	906	23	Zh~u7	2	
WA	wbm	tree	906	23	kh~au7	2	
DEANG	pce	tree	906	23	he	5	
KHMU	kjg	tree	906	23	s37oN	6	
KSINMUL	puo	tree	906	23	C37u3N	6	
KHASI	kha	tree	906	23	dieN	7	
MUNDARI	unr	tree	906	23	daru	8	
VIETNAMESE	vie	seed	714	24	hot	1	
RUC	scb	seed	714	24	kayaN	1	
NYAKUR	cbn	seed	714	24	kh~rap	-2	
KHMER	khm	seed	714	24	grap	2	
KUI_THAILAND	kdt	seed	714	24	klaN	3	
SEMAI	sea	seed	714	24	sip	4	
WA	wbm	seed	714	24	sok	5	
DEANG	pce	seed	714	24	kau	6	
KHMU	kjg	seed	714	24	p3liar	7	
KHASI	kha	seed	714	24	sinai	8	
MUNDARI	unr	seed	714	24	hita	9	
JEH	jeh	leaf	628	25	la	1	
BAHNAR	bdq	leaf	628	25	hla	1	
CHRAU	crw	leaf	628	25	la	1	
VIETNAMESE	vie	leaf	628	25	la	1	
RUC	scb	leaf	628	25	ula	1	
MON	mnw	leaf	628	25	sla	1	
NYAKUR	cbn	leaf	628	25	hla7	1	
KHMER	khm	leaf	628	25	s3l3k	4	
KUI_THAILAND	kdt	leaf	628	25	sla	1	
SEMAI	sea	leaf	628	25	sla7	1	
WA	wbm	leaf	628	25	hla7	1	
DEANG	pce	leaf	628	25	hla	1	
KHMU	kjg	leaf	628	25	la	1	
KSINMUL	puo	leaf	628	25	b3w	2	
KHASI	kha	leaf	628	25	sla	1	
MUNDARI	unr	leaf	628	25	sakam	3	
JEH	jeh	root	670	26	riah	1	
BAHNAR	bdq	root	670	26	r3h	1	
CHRAU	crw	root	670	26	diyieh	1	
VIETNAMESE	vie	root	670	26	re	1	
RUC	scb	root	670	26	liErih	1	
MON	mnw	root	670	26	ruih	1	
NYAKUR	cbn	root	670	26	rihrak	1	
KHMER	khm	root	670	26	r3k	1	
KUI_THAILAND	kdt	root	670	26	rEh	1	
SEMAI	sea	root	670	26	r7~es	1	
WA	wbm	root	670	26	riah	1	
DEANG	pce	root	670	26	riaih	1	
KHMU	kjg	root	670	26	rias	1	
KSINMUL	puo	root	670	26	geh	1	
KHASI	kha	root	670	26	tinrai	1	
MUNDARI	unr	root	670	26	red	1	
JEH	jeh	bark	1204	27	k3duh	1	
BAHNAR	bdq	bark	1204	27	hmok	2	
CHRAU	crw	bark	1204	27	mo7	2	
VIETNAMESE	vie	bark	1204	27	vo kay	3	
RUC	scb	bark	1204	27	k3duh	1	
MON	mnw	bark	1204	27	sakow	4	
NYAKUR	cbn	bark	1204	27	Nku3r	4	
KHMER	khm	bark	1204	27	s3mbak	2	
KUI_THAILAND	kdt	bark	1204	27	mph~ua7	2	
SEMAI	sea	bark	1204	27	Ckop	5	
WA	wbm	bark	1204	27	hlo7	6	
DEANG	pce	bark	1204	27	go7	10	
KHMU	kjg	bark	1204	27	h3mpok	2	
KSINMUL	puo	bark	1204	27	b3N	7	
KHASI	kha	bark	1204	27	snep	8	
MUNDARI	unr	bark	1204	27	harta	9	
JEH	jeh	skin	763	28	pal	1	
BAHNAR	bdq	skin	763	28	3kar	2	
CHRAU	crw	skin	763	28	nto	3	
VIETNAMESE	vie	skin	763	28	Za	4	
RUC	scb	skin	763	28	karot	-1	
MON	mnw	skin	763	28	snam	5	
NYAKUR	cbn	skin	763	28	hnam	5	
KHMER	khm	skin	763	28	s3pEk	6	
SEMAI	sea	skin	763	28	gt37	3	
WA	wbm	skin	763	28	hak	7	
DEANG	pce	skin	763	28	hur	8	
KHMU	kjg	skin	763	28	h3mpur	8	
KSINMUL	puo	skin	763	28	b3N	9	
KHASI	kha	skin	763	28	kh~oh	10	
MUNDARI	unr	skin	763	28	ur	8	
JEH	jeh	meat	634	29	sinek	1	
BAHNAR	bdq	meat	634	29	5em	2	
CHRAU	crw	meat	634	29	goN	3	
VIETNAMESE	vie	meat	634	29	8it	1	
RUC	scb	meat	634	29	sit	1	
MON	mnw	meat	634	29	Cun	4	
NYAKUR	cbn	meat	634	29	hw~a7	5	
KHMER	khm	meat	634	29	saC	1	
KUI_THAILAND	kdt	meat	634	29	saC	1	
SEMAI	sea	meat	634	29	sEC	1	
WA	wbm	meat	634	29	ne7	6	
DEANG	pce	meat	634	29	yoN	7	
KHMU	kjg	meat	634	29	ah	8	
KSINMUL	puo	meat	634	29	ksoN	9	
KHASI	kha	meat	634	29	doh	10	
MUNDARI	unr	meat	634	29	Zilu	11	
JEH	jeh	blood	946	30	ph~am	1	
BAHNAR	bdq	blood	946	30	ph~am	1	
CHRAU	crw	blood	946	30	n7ham	1	
VIETNAMESE	vie	blood	946	30	mau	2	
RUC	scb	blood	946	30	asam	1	
MON	mnw	blood	946	30	Ch~im	1	
NYAKUR	cbn	blood	946	30	Ch~im	1	
KHMER	khm	blood	946	30	Zh~am	1	
KUI_THAILAND	kdt	blood	946	30	3ham	1	
SEMAI	sea	blood	946	30	bh~ipm~	1	
WA	wbm	blood	946	30	nh~am	1	
DEANG	pce	blood	946	30	nh~am	1	
KHMU	kjg	blood	946	30	mam	1	
KSINMUL	puo	blood	946	30	mi3m	1	
KHASI	kha	blood	946	30	snam	1	
MUNDARI	unr	blood	946	30	mayam	1	
JEH	jeh	bone	1394	31	k3siaN	1	
BAHNAR	bdq	bone	1394	31	k3tiN	1	
CHRAU	crw	bone	1394	31	ntiN	1	
VIETNAMESE	vie	bone	1394	31	SuoN	1	
RUC	scb	bone	1394	31	saN	1	
MON	mnw	bone	1394	31	Zut	2	
NYAKUR	cbn	bone	1394	31	Ch~3lut	2	
KHMER	khm	bone	1394	31	Ch7$3N	1	
KUI_THAILAND	kdt	bone	1394	31	Nh~aN	1	
SEMAI	sea	bone	1394	31	Z7~akN~	1	
WA	wbm	bone	1394	31	sisaN	1	
DEANG	pce	bone	1394	31	"k""7~aN"	1	
KHMU	kjg	bone	1394	31	C37aN	1	
KSINMUL	puo	bone	1394	31	laN	1	
KHASI	kha	bone	1394	31	"sh""~ieN"	1	
MUNDARI	unr	bone	1394	31	ZaN	1	
JEH	jeh	fat	1282	32	p3dreN	1	
BAHNAR	bdq	fat	1282	32	r3ma	-1	
RUC	scb	fat	1282	32	kluN	3	
MON	mnw	fat	1282	32	kleN	3	
NYAKUR	cbn	fat	1282	32	k3li5	3	
KHMER	khm	fat	1282	32	kh~la5	3	
KUI_THAILAND	kdt	fat	1282	32	5Ch~EN	4	
SEMAI	sea	fat	1282	32	l7~us	5	
WA	wbm	fat	1282	32	b3	6	
MUNDARI	unr	fat	1282	32	itil	7	
JEH	jeh	egg	744	33	t3tap	1	
CHRAU	crw	egg	744	33	Cap	1	
VIETNAMESE	vie	egg	744	33	CuN	2	
RUC	scb	egg	744	33	t3lul	8	
MON	mnw	egg	744	33	kh~amhay	3	
NYAKUR	cbn	egg	744	33	ph~oN	-4	
KHMER	khm	egg	744	33	boN	4	
KUI_THAILAND	kdt	egg	744	33	nth$rEl	8	
SEMAI	sea	egg	744	33	pNl3kN~	2	
WA	wbm	egg	744	33	tom	5	
DEANG	pce	egg	744	33	krau	6	
KHMU	kjg	egg	744	33	k3toN	7	
KSINMUL	puo	egg	744	33	kloN	2	
KHASI	kha	egg	744	33	pilleN	2	
MUNDARI	unr	egg	744	33	Zarom	9	
JEH	jeh	horn	1393	34	t3koy	1	
BAHNAR	bdq	horn	1393	34	ake	5	
RUC	scb	horn	1393	34	kr3N	2	
MON	mnw	horn	1393	34	draN	2	
NYAKUR	cbn	horn	1393	34	th~raN	2	
KHMER	khm	horn	1393	34	s3nEN	3	
KUI_THAILAND	kdt	horn	1393	34	t3kai	1	
WA	wbm	horn	1393	34	ruN	2	
DEANG	pce	horn	1393	34	nuN	6	
KHMU	kjg	horn	1393	34	Centr~3N	2	
KSINMUL	puo	horn	1393	34	C3lgan	4	
KHASI	kha	horn	1393	34	reN	2	
MUNDARI	unr	horn	1393	34	diriN	2	
JEH	jeh	tail	1220	35	teN	1	
BAHNAR	bdq	tail	1220	35	kieN	1	
CHRAU	crw	tail	1220	35	tieN	1	
VIETNAMESE	vie	tail	1220	35	Zuoi	2	
RUC	scb	tail	1220	35	tuoy	2	
MON	mnw	tail	1220	35	bata	3	
NYAKUR	cbn	tail	1220	35	p3ta7	3	
KHMER	khm	tail	1220	35	k3nd~uy	2	
KUI_THAILAND	kdt	tail	1220	35	sal	4	
SEMAI	sea	tail	1220	35	snta7	3	
WA	wbm	tail	1220	35	sida7	3	
DEANG	pce	tail	1220	35	sta	3	
KHMU	kjg	tail	1220	35	h3nta	3	
KSINMUL	puo	tail	1220	35	h3lta	3	
KHASI	kha	tail	1220	35	tidoN	1	
MUNDARI	unr	tail	1220	35	Cadlom	5	
JEH	jeh	feather	1201	36	suk	1	
BAHNAR	bdq	feather	1201	36	sok	1	
CHRAU	crw	feather	1201	36	sino7 sum	1	
VIETNAMESE	vie	feather	1201	36	loN tim	2	
RUC	scb	feather	1201	36	usuk	1	
MON	mnw	feather	1201	36	s3neN	7	
NYAKUR	cbn	feather	1201	36	Ch~okCh~ok	1	
KHMER	khm	feather	1201	36	slap	3	
KUI_THAILAND	kdt	feather	1201	36	so7	1	
SEMAI	sea	feather	1201	36	sntol	4	
KHMU	kjg	feather	1201	36	kh~ul	5	
KSINMUL	puo	feather	1201	36	sok	1	
KHASI	kha	feather	1201	36	sner	6	
MUNDARI	unr	feather	1201	36	il	5	
JEH	jeh	hair	1040	37	suk	1	
BAHNAR	bdq	hair	1040	37	sok	1	
CHRAU	crw	hair	1040	37	so7	1	
VIETNAMESE	vie	hair	1040	37	tok	1	
RUC	scb	hair	1040	37	usuk	1	
MON	mnw	hair	1040	37	sok	1	
NYAKUR	cbn	hair	1040	37	Ch~ok	1	
KHMER	khm	hair	1040	37	sok	1	
KUI_THAILAND	kdt	hair	1040	37	so7	1	
SEMAI	sea	hair	1040	37	sok	1	
WA	wbm	hair	1040	37	hauk	1	
DEANG	pce	hair	1040	37	hu7	1	
KHMU	kjg	hair	1040	37	kl3	2	
KSINMUL	puo	hair	1040	37	sok	1	
KHASI	kha	hair	1040	37	sh~niuh	1	
MUNDARI	unr	hair	1040	37	up	3	
JEH	jeh	head	1256	38	kal	1	
BAHNAR	bdq	head	1256	38	k3l	1	
CHRAU	crw	head	1256	38	vo7	2	also: kamvo7
VIETNAMESE	vie	head	1256	38	dau	-1	
RUC	scb	head	1256	38	kuluok	3	
MON	mnw	head	1256	38	kaduip	4	
NYAKUR	cbn	head	1256	38	k3d3p	4	
KHMER	khm	head	1256	38	k3pal	-2	
KUI_THAILAND	kdt	head	1256	38	pla	5	
SEMAI	sea	head	1256	38	kuy	9	
WA	wbm	head	1256	38	kaiN	6	
DEANG	pce	head	1256	38	kiN	6	
KHMU	kjg	head	1256	38	k3mpoN	7	
KSINMUL	puo	head	1256	38	3lu	5	
KHASI	kha	head	1256	38	kh~lih	11	
MUNDARI	unr	head	1256	38	bo7	8	
JEH	jeh	ear	1247	39	pat	1	
BAHNAR	bdq	ear	1247	39	don	2	
CHRAU	crw	ear	1247	39	tor	4	
VIETNAMESE	vie	ear	1247	39	tai	3	
RUC	scb	ear	1247	39	say	3	
MON	mnw	ear	1247	39	katow	4	
NYAKUR	cbn	ear	1247	39	k3tuer	4	
KHMER	khm	ear	1247	39	tr~3Ch~i3k	5	
KUI_THAILAND	kdt	ear	1247	39	k3tor	4	
SEMAI	sea	ear	1247	39	ntakN	6	
WA	wbm	ear	1247	39	yh~auk	5	
DEANG	pce	ear	1247	39	yo7	5	
KHMU	kjg	ear	1247	39	hermey	7	
KSINMUL	puo	ear	1247	39	h3ltol	4	
KHASI	kha	ear	1247	39	lutur	4	
MUNDARI	unr	ear	1247	39	lutur	4	
JEH	jeh	eye	1248	40	mat	1	
BAHNAR	bdq	eye	1248	40	mat	1	
CHRAU	crw	eye	1248	40	mat	1	
VIETNAMESE	vie	eye	1248	40	mat	1	
MON	mnw	eye	1248	40	mat	1	
NYAKUR	cbn	eye	1248	40	mat	1	
KHMER	khm	eye	1248	40	bh~3n3k	2	
KUI_THAILAND	kdt	eye	1248	40	mat	1	
SEMAI	sea	eye	1248	40	mat	1	
WA	wbm	eye	1248	40	Nai	3	
DEANG	pce	eye	1248	40	Nai	3	
KHMU	kjg	eye	1248	40	mat	1	
KSINMUL	puo	eye	1248	40	mat	1	
KHASI	kha	eye	1248	40	kh~imat	1	
MUNDARI	unr	eye	1248	40	med	1	
JEH	jeh	nose	1221	41	muh	1	
BAHNAR	bdq	nose	1221	41	muh	1	
CHRAU	crw	nose	1221	41	muh	1	
VIETNAMESE	vie	nose	1221	41	mui	1	
RUC	scb	nose	1221	41	mu3h	1	
MON	mnw	nose	1221	41	muh	1	
NYAKUR	cbn	nose	1221	41	hmok	1	
KHMER	khm	nose	1221	41	Cr~3muh	1	
KUI_THAILAND	kdt	nose	1221	41	muh	1	
SEMAI	sea	nose	1221	41	muh	1	
WA	wbm	nose	1221	41	m3ih	1	
DEANG	pce	nose	1221	41	muih	1	
KHMU	kjg	nose	1221	41	muh	1	
KSINMUL	puo	nose	1221	41	moh	1	
KHASI	kha	nose	1221	41	kh~mut	1	
MUNDARI	unr	nose	1221	41	mu*	1	
JEH	jeh	mouth	674	42	t3mun	1	
BAHNAR	bdq	mouth	674	42	b3r	2	
CHRAU	crw	mouth	674	42	mi5	-1	
VIETNAMESE	vie	mouth	674	42	mieN	12	
RUC	scb	mouth	674	42	kaN	4	
MON	mnw	mouth	674	42	paN	3	
NYAKUR	cbn	mouth	674	42	paN	3	
KHMER	khm	mouth	674	42	mat	5	
KUI_THAILAND	kdt	mouth	674	42	noh	6	
SEMAI	sea	mouth	674	42	mp~akN	3	
WA	wbm	mouth	674	42	yh~3ih	7	
DEANG	pce	mouth	674	42	sop	8	
KHMU	kjg	mouth	674	42	t3noh	6	
KSINMUL	puo	mouth	674	42	5uk	9	
KHASI	kha	mouth	674	42	sh~intur	10	
MUNDARI	unr	mouth	674	42	moCa	11	
JEH	jeh	tooth	1380	43	sineN	1	
BAHNAR	bdq	tooth	1380	43	s3ne5	1	
CHRAU	crw	tooth	1380	43	seC	2	
VIETNAMESE	vie	tooth	1380	43	raN	3	
RUC	scb	tooth	1380	43	kasaN	3	
MON	mnw	tooth	1380	43	Nek	4	
NYAKUR	cbn	tooth	1380	43	Ni3k	4	
KHMER	khm	tooth	1380	43	dh~3m3n	5	
KUI_THAILAND	kdt	tooth	1380	43	k3nE5	1	
SEMAI	sea	tooth	1380	43	lmu5	5	
WA	wbm	tooth	1380	43	rh~aN	3	
DEANG	pce	tooth	1380	43	rh~aN	3	
KHMU	kjg	tooth	1380	43	raN	3	
KSINMUL	puo	tooth	1380	43	h3gi3N	6	
KHASI	kha	tooth	1380	43	biniat	7	
MUNDARI	unr	tooth	1380	43	data	-1	
JEH	jeh	tongue	1205	44	r3piat	1	
BAHNAR	bdq	tongue	1205	44	r3piet	1	
CHRAU	crw	tongue	1205	44	lapiet	1	
VIETNAMESE	vie	tongue	1205	44	luoi	2	
RUC	scb	tongue	1205	44	l3arh~	2	
MON	mnw	tongue	1205	44	katak	3	
NYAKUR	cbn	tongue	1205	44	ntak	3	
KHMER	khm	tongue	1205	44	3ntak	3	
KUI_THAILAND	kdt	tongue	1205	44	nta7	3	
SEMAI	sea	tongue	1205	44	lntak	3	
WA	wbm	tongue	1205	44	dak	3	
DEANG	pce	tongue	1205	44	kta7	3	
KHMU	kjg	tongue	1205	44	h3ntak	3	
KSINMUL	puo	tongue	1205	44	h3ltak	3	
KHASI	kha	tongue	1205	44	th~illied	2	
MUNDARI	unr	tongue	1205	44	le7	4	
JEH	jeh	nail (claw)	72	45	k3nialh~	1	
BAHNAR	bdq	nail (claw)	72	45	teNi3h	1	
CHRAU	crw	nail (claw)	72	45	can7hyeih	1	
VIETNAMESE	vie	nail (claw)	72	45	moN	2	
RUC	scb	nail (claw)	72	45	k3ntoN	3	
MON	mnw	nail (claw)	72	45	sanem	4	
NYAKUR	cbn	nail (claw)	72	45	Nh~li3m	4	
KHMER	khm	nail (claw)	72	45	kr3Cok	5	
KUI_THAILAND	kdt	nail (claw)	72	45	nth$rEh	6	
SEMAI	sea	nail (claw)	72	45	C3nros	6	
WA	wbm	nail (claw)	72	45	Nh~im	4	
DEANG	pce	nail (claw)	72	45	arh~im	4	
KHMU	kjg	nail (claw)	72	45	t3mmoN	7	
KSINMUL	puo	nail (claw)	72	45	moNsu3N	7	
KHASI	kha	nail (claw)	72	45	tirsim	4	
MUNDARI	unr	nail (claw)	72	45	rama	9	
BAHNAR	bdq	foot	1301	46	t3paNZ3N	1	
CHRAU	crw	foot	1301	46	jaN	1	
VIETNAMESE	vie	foot	1301	46	tan	1	
RUC	scb	foot	1301	46	CiN	1	
MON	mnw	foot	1301	46	ZoN	1	
NYAKUR	cbn	foot	1301	46	Ch~uN	1	
KHMER	khm	foot	1301	46	Za3N	1	
KUI_THAILAND	kdt	foot	1301	46	Z3N	1	
SEMAI	sea	foot	1301	46	ZukN	1	
WA	wbm	foot	1301	46	CauN	1	
DEANG	pce	foot	1301	46	Z3N	1	
KHMU	kjg	foot	1301	46	C3aN	1	
KSINMUL	puo	foot	1301	46	zuN	1	
KHASI	kha	foot	1301	46	kinZat	2	
MUNDARI	unr	foot	1301	46	kata	3	
JEH	jeh	knee	1371	47	kroN	1	
CHRAU	crw	knee	1371	47	ko7 kruN	1	
VIETNAMESE	vie	knee	1371	47	dau goi	2	
RUC	scb	knee	1371	47	kuluok tukul	2	
MON	mnw	knee	1371	47	kboaN	3	
NYAKUR	cbn	knee	1371	47	k3boN	3	
KHMER	khm	knee	1371	47	Z3NgaN	4	
KUI_THAILAND	kdt	knee	1371	47	plat3kol	2	
SEMAI	sea	knee	1371	47	kurol	5	
WA	wbm	knee	1371	47	p3m NoN	4	
DEANG	pce	knee	1371	47	kir kEr	10	
KHMU	kjg	knee	1371	47	k3nun	9	
KSINMUL	puo	knee	1371	47	3lum3ldil	6	
KHASI	kha	knee	1371	47	kh~osiw	7	
MUNDARI	unr	knee	1371	47	mukuri	-8	
JEH	jeh	hand	1277	48	ti	1	
BAHNAR	bdq	hand	1277	48	ti	1	
CHRAU	crw	hand	1277	48	ti	1	
VIETNAMESE	vie	hand	1277	48	tay	1	
RUC	scb	hand	1277	48	si	1	
MON	mnw	hand	1277	48	tay	1	
NYAKUR	cbn	hand	1277	48	tEy	1	
KHMER	khm	hand	1277	48	tay	1	
KUI_THAILAND	kdt	hand	1277	48	te	1	
SEMAI	sea	hand	1277	48	t3kN	1	
WA	wbm	hand	1277	48	tai7	1	
DEANG	pce	hand	1277	48	tai	1	
KHMU	kjg	hand	1277	48	k3takti	1	
KSINMUL	puo	hand	1277	48	k3sap	2	
KHASI	kha	hand	1277	48	kti	1	
MUNDARI	unr	hand	1277	48	ti	1	
JEH	jeh	belly	1251	49	p3dok	1	
RUC	scb	belly	1251	49	kd3l	3	
MON	mnw	belly	1251	49	buN	4	
NYAKUR	cbn	belly	1251	49	ph~uN	4	
KHMER	khm	belly	1251	49	boh	5	
KUI_THAILAND	kdt	belly	1251	49	ph~uN	4	
SEMAI	sea	belly	1251	49	k3t	6	
WA	wbm	belly	1251	49	vaik	7	
DEANG	pce	belly	1251	49	vE7	7	
KHMU	kjg	belly	1251	49	poN	4	
KSINMUL	puo	belly	1251	49	ku	8	
KHASI	kha	belly	1251	49	kipoh	5	
MUNDARI	unr	belly	1251	49	laZ	2	
JEH	jeh	neck	1333	50	t3kuai	-1	
BAHNAR	bdq	neck	1333	50	ako	1	
CHRAU	crw	neck	1333	50	nko	1	
VIETNAMESE	vie	neck	1333	50	ko	1	
RUC	scb	neck	1333	50	teke	-1	
MON	mnw	neck	1333	50	ka7	1	
NYAKUR	cbn	neck	1333	50	ko7	1	
KHMER	khm	neck	1333	50	ko	1	
KUI_THAILAND	kdt	neck	1333	50	kaN	2	
SEMAI	sea	neck	1333	50	taN3n	3	
WA	wbm	neck	1333	50	Nok	4	
DEANG	pce	neck	1333	50	amoN	5	
KHMU	kjg	neck	1333	50	k3ntuar	6	
KSINMUL	puo	neck	1333	50	kok	9	
KHASI	kha	neck	1333	50	rindaN	7	
MUNDARI	unr	neck	1333	50	hoto7	8	
JEH	jeh	breast	1402	51	tuh	1	
BAHNAR	bdq	breast	1402	51	toh	1	
CHRAU	crw	breast	1402	51	gatoh	1	
VIETNAMESE	vie	breast	1402	51	Nuk	2	
RUC	scb	breast	1402	51	n3y	3	
MON	mnw	breast	1402	51	tah	1	
NYAKUR	cbn	breast	1402	51	toh	1	
KHMER	khm	breast	1402	51	toh	1	
KUI_THAILAND	kdt	breast	1402	51	toh	1	
SEMAI	sea	breast	1402	51	nt~3h	1	
WA	wbm	breast	1402	51	t3ih	1	
DEANG	pce	breast	1402	51	bu	2	
KHMU	kjg	breast	1402	51	pu	2	
KSINMUL	puo	breast	1402	51	um	4	
KHASI	kha	breast	1402	51	sh~adem	5	
MUNDARI	unr	breast	1402	51	nunu	6	
JEH	jeh	heart	1223	52	noyh~	1	
BAHNAR	bdq	heart	1223	52	nuih	1	
CHRAU	crw	heart	1223	52	play nuih	1	
VIETNAMESE	vie	heart	1223	52	Cai tim	-1	
RUC	scb	heart	1223	52	toN	-2	
MON	mnw	heart	1223	52	gruih	2	
NYAKUR	cbn	heart	1223	52	5y~um	3	
KHMER	khm	heart	1223	52	p3ht~uN	-2	
KUI_THAILAND	kdt	heart	1223	52	ph~am	3	
SEMAI	sea	heart	1223	52	nus	1	
WA	wbm	heart	1223	52	rh~om	3	
DEANG	pce	heart	1223	52	noih	1	
KHMU	kjg	heart	1223	52	h3rn3am	3	
KSINMUL	puo	heart	1223	52	en	4	
KHASI	kha	heart	1223	52	kloN snam	5	
MUNDARI	unr	heart	1223	52	Zi kuram	-1	
JEH	jeh	liver	1224	53	klem	1	
BAHNAR	bdq	liver	1224	53	kl3m	1	
CHRAU	crw	liver	1224	53	kh~lom	1	
VIETNAMESE	vie	liver	1224	53	%gan	-1	probably borrowed from Old Chinese (LWT)
RUC	scb	liver	1224	53	lo3m	1	
MON	mnw	liver	1224	53	gruih	2	
NYAKUR	cbn	liver	1224	53	kh~rih	2	
KHMER	khm	liver	1224	53	th~la3m	1	
KUI_THAILAND	kdt	liver	1224	53	luam	1	
SEMAI	sea	liver	1224	53	ris	4	
WA	wbm	liver	1224	53	tom	1	
DEANG	pce	liver	1224	53	ktom	1	
KHMU	kjg	liver	1224	53	t3lom	1	
KSINMUL	puo	liver	1224	53	t3lom	1	
KHASI	kha	liver	1224	53	ba im	1	
MUNDARI	unr	liver	1224	53	im	1	
JEH	jeh	drink	1401	54	hut	1	
BAHNAR	bdq	drink	1401	54	5a	2	
CHRAU	crw	drink	1401	54	huC	1	
VIETNAMESE	vie	drink	1401	54	uoN	3	
RUC	scb	drink	1401	54	5u	2	
MON	mnw	drink	1401	54	suN	5	
NYAKUR	cbn	drink	1401	54	Ch~oN	5	
KHMER	khm	drink	1401	54	ph~3k	6	
KUI_THAILAND	kdt	drink	1401	54	NuaC	4	
SEMAI	sea	drink	1401	54	Nut	4	
WA	wbm	drink	1401	54	rh~3p	7	
DEANG	pce	drink	1401	54	rh~3p	7	
KHMU	kjg	drink	1401	54	uak	8	
KSINMUL	puo	drink	1401	54	uk	8	
KHASI	kha	drink	1401	54	dih	9	
MUNDARI	unr	drink	1401	54	nu	2	
JEH	jeh	eat	1336	55	Ca	1	
BAHNAR	bdq	eat	1336	55	sa	1	
CHRAU	crw	eat	1336	55	sa	1	
VIETNAMESE	vie	eat	1336	55	an	2	
RUC	scb	eat	1336	55	an	2	
MON	mnw	eat	1336	55	Ca	1	
NYAKUR	cbn	eat	1336	55	Ca7	1	
KHMER	khm	eat	1336	55	5am	3	
KUI_THAILAND	kdt	eat	1336	55	Ca	1	
SEMAI	sea	eat	1336	55	Ca7	1	
WA	wbm	eat	1336	55	som	4	
DEANG	pce	eat	1336	55	hom	4	
KHMU	kjg	eat	1336	55	p3	6	
KSINMUL	puo	eat	1336	55	Ca	1	
KHASI	kha	eat	1336	55	Zom	7	
MUNDARI	unr	eat	1336	55	Zom	4	
JEH	jeh	bite	1403	56	kap	1	
BAHNAR	bdq	bite	1403	56	kap	1	
RUC	scb	bite	1403	56	kom	2	
MON	mnw	bite	1403	56	kit	3	
NYAKUR	cbn	bite	1403	56	k3t	3	
KHMER	khm	bite	1403	56	kh~am	2	
KUI_THAILAND	kdt	bite	1403	56	kap	1	
SEMAI	sea	bite	1403	56	kap	1	
WA	wbm	bite	1403	56	kiat	3	
DEANG	pce	bite	1403	56	ga7	4	
KHMU	kjg	bite	1403	56	pok	5	
KSINMUL	puo	bite	1403	56	ak	6	
KHASI	kha	bite	1403	56	dait	7	
MUNDARI	unr	bite	1403	56	hua	1	
JEH	jeh	see	1409	57	tau	1	
BAHNAR	bdq	see	1409	57	boh	2	
CHRAU	crw	see	1409	57	say	13	
VIETNAMESE	vie	see	1409	57	%8ay	3	probably borrowed from Old Chinese
RUC	scb	see	1409	57	C3N	4	
MON	mnw	see	1409	57	5at	5	
NYAKUR	cbn	see	1409	57	ma3l	6	
KHMER	khm	see	1409	57	ma3l	7	
KUI_THAILAND	kdt	see	1409	57	sir	8	
SEMAI	sea	see	1409	57	nEN	11	
WA	wbm	see	1409	57	yau7	12	
DEANG	pce	see	1409	57	y3	12	
KHMU	kjg	see	1409	57	kun	14	
KSINMUL	puo	see	1409	57	di3	3	
KHASI	kha	see	1409	57	kh~imih	6	
MUNDARI	unr	see	1409	57	lel	15	
JEH	jeh	hear	1408	58	5aN	1	
BAHNAR	bdq	hear	1408	58	k3teN	2	
CHRAU	crw	hear	1408	58	CaN	3	
VIETNAMESE	vie	hear	1408	58	Nhe	4	
RUC	scb	hear	1408	58	CamaN	5	
MON	mnw	hear	1408	58	miN	5	
NYAKUR	cbn	hear	1408	58	kh~3m35	5	
KHMER	khm	hear	1408	58	l3	6	
KUI_THAILAND	kdt	hear	1408	58	saN	7	
SEMAI	sea	hear	1408	58	g3rtek	2	
WA	wbm	hear	1408	58	mh~oN	5	
DEANG	pce	hear	1408	58	sNauy3	8	
KHMU	kjg	hear	1408	58	meC	10	
KSINMUL	puo	hear	1408	58	al	11	
KHASI	kha	hear	1408	58	sNow	9	
MUNDARI	unr	hear	1408	58	ayum	12	
JEH	jeh	know	1410	59	lo	1	
BAHNAR	bdq	know	1410	59	bat	2	
CHRAU	crw	know	1410	59	gut	3	
VIETNAMESE	vie	know	1410	59	biet	2	
RUC	scb	know	1410	59	hi	4	
MON	mnw	know	1410	59	tim	5	
NYAKUR	cbn	know	1410	59	C3d3m	5	
KHMER	khm	know	1410	59	t3N	6	
KUI_THAILAND	kdt	know	1410	59	di5	6	
SEMAI	sea	know	1410	59	panEy	-1	
WA	wbm	know	1410	59	yuN	12	
DEANG	pce	know	1410	59	nap	7	
KHMU	kjg	know	1410	59	n3N	8	
KSINMUL	puo	know	1410	59	zu3	9	
KHASI	kha	know	1410	59	tip	10	
MUNDARI	unr	know	1410	59	itu	11	
JEH	jeh	sleep	1585	60	kat	1	
BAHNAR	bdq	sleep	1585	60	tep	2	
RUC	scb	sleep	1585	60	53p	5	
MON	mnw	sleep	1585	60	stik	6	
NYAKUR	cbn	sleep	1585	60	pu5Nkuy	7	
KHMER	khm	sleep	1585	60	t3k	6	
KUI_THAILAND	kdt	sleep	1585	60	NEt	8	
SEMAI	sea	sleep	1585	60	bEt	3	
WA	wbm	sleep	1585	60	it	9	
DEANG	pce	sleep	1585	60	it	9	
KHMU	kjg	sleep	1585	60	sis	11	
KSINMUL	puo	sleep	1585	60	em	12	
KHASI	kha	sleep	1585	60	th~iah	13	
MUNDARI	unr	sleep	1585	60	durum	14	
JEH	jeh	die	1494	61	k3Ch~iat	1	
BAHNAR	bdq	die	1494	61	k3teC	7	
CHRAU	crw	die	1494	61	Cut	1	
VIETNAMESE	vie	die	1494	61	tet	1	
RUC	scb	die	1494	61	kuCit	1	
MON	mnw	die	1494	61	khy$uit	1	
NYAKUR	cbn	die	1494	61	k3CEt	1	
KHMER	khm	die	1494	61	slap	2	
KUI_THAILAND	kdt	die	1494	61	lah	3	
SEMAI	sea	die	1494	61	dat	4	
WA	wbm	die	1494	61	yum	5	
DEANG	pce	die	1494	61	yam	5	
KHMU	kjg	die	1494	61	han	6	
KSINMUL	puo	die	1494	61	si3n	6	
KHASI	kha	die	1494	61	iap noh	2	
MUNDARI	unr	die	1494	61	goZu7	1	
JEH	jeh	kill	1417	62	Zah	7	
BAHNAR	bdq	kill	1417	62	p3loC	2	
CHRAU	crw	kill	1417	62	taCut	1	
VIETNAMESE	vie	kill	1417	62	giet	1	
RUC	scb	kill	1417	62	kaCit	1	
MON	mnw	kill	1417	62	gaCuit	1	
NYAKUR	cbn	kill	1417	62	k3CEt	1	
KHMER	khm	kill	1417	62	s3mlap	3	
KUI_THAILAND	kdt	kill	1417	62	k3CEt	1	
SEMAI	sea	kill	1417	62	p3rdat	4	
WA	wbm	kill	1417	62	pa3h	8	
DEANG	pce	kill	1417	62	Nah	5	
KHMU	kjg	kill	1417	62	ph~an	6	
KSINMUL	puo	kill	1417	62	p3si3n	6	
KHASI	kha	kill	1417	62	piniap	3	
MUNDARI	unr	kill	1417	62	gie7	1	
JEH	jeh	swim	1439	63	p3loi	1	
BAHNAR	bdq	swim	1439	63	gl3i	1	
RUC	scb	swim	1439	63	aya	3	
MON	mnw	swim	1439	63	biN	4	
NYAKUR	cbn	swim	1439	63	bi5	4	
KHMER	khm	swim	1439	63	hel	5	
KUI_THAILAND	kdt	swim	1439	63	loi	1	
SEMAI	sea	swim	1439	63	loy	1	
WA	wbm	swim	1439	63	loi	1	
DEANG	pce	swim	1439	63	lam Na	8	
KHMU	kjg	swim	1439	63	way	5	
KSINMUL	puo	swim	1439	63	loy	1	
KHASI	kha	swim	1439	63	ZiNi	6	
MUNDARI	unr	swim	1439	63	oyar	7	
JEH	jeh	fly	1441	64	t3pal	1	
BAHNAR	bdq	fly	1441	64	par	1	
CHRAU	crw	fly	1441	64	par	1	
VIETNAMESE	vie	fly	1441	64	bay	1	
RUC	scb	fly	1441	64	p3l	1	
MON	mnw	fly	1441	64	paw	1	
NYAKUR	cbn	fly	1441	64	ph~ar	1	
KHMER	khm	fly	1441	64	ha3r	2	
KUI_THAILAND	kdt	fly	1441	64	par	1	
SEMAI	sea	fly	1441	64	hEkN	3	
WA	wbm	fly	1441	64	pu	1	
DEANG	pce	fly	1441	64	ph~ru	5	
KHMU	kjg	fly	1441	64	tir	6	
KSINMUL	puo	fly	1441	64	pal	1	
KHASI	kha	fly	1441	64	her	2	
MUNDARI	unr	fly	1441	64	apir	1	
JEH	jeh	walk	1443	65	Ciu	1	
BAHNAR	bdq	walk	1443	65	ano	2	
CHRAU	crw	walk	1443	65	sa7	3	also: han
VIETNAMESE	vie	walk	1443	65	di	4	
RUC	scb	walk	1443	65	ti	4	
NYAKUR	cbn	walk	1443	65	ar	5	
KHMER	khm	walk	1443	65	ta3r	6	
KUI_THAILAND	kdt	walk	1443	65	huC	7	
SEMAI	sea	walk	1443	65	Cip	8	
WA	wbm	walk	1443	65	hu	9	
DEANG	pce	walk	1443	65	hau	9	
KHMU	kjg	walk	1443	65	yoh	10	
KSINMUL	puo	walk	1443	65	zu	10	
KHASI	kha	walk	1443	65	iaid	11	
MUNDARI	unr	walk	1443	65	sen	12	
RUC	scb	come	1446	66	ti	1	
MON	mnw	come	1446	66	kluN	2	
NYAKUR	cbn	come	1446	66	loN	2	
KHMER	khm	come	1446	66	mok	3	
KUI_THAILAND	kdt	come	1446	66	Cau	4	
SEMAI	sea	come	1446	66	bEy	5	
WA	wbm	come	1446	66	hoik	6	
DEANG	pce	come	1446	66	rot	7	
KHMU	kjg	come	1446	66	kay	8	
KSINMUL	puo	come	1446	66	pleh	9	
KHASI	kha	come	1446	66	wan	10	
MUNDARI	unr	come	1446	66	hiZu7	11	
JEH	jeh	lie	1411	67	kat	1	
BAHNAR	bdq	lie	1411	67	p3som	2	
CHRAU	crw	lie	1411	67	vi7	3	
VIETNAMESE	vie	lie	1411	67	Nu	4	also: nam
RUC	scb	lie	1411	67	n3p	5	
MON	mnw	lie	1411	67	wat	3	
NYAKUR	cbn	lie	1411	67	pu5	12	
KHMER	khm	lie	1411	67	g3N	6	
KUI_THAILAND	kdt	lie	1411	67	tiC	7	
SEMAI	sea	lie	1411	67	da7	8	
WA	wbm	lie	1411	67	noi	9	
KHMU	kjg	lie	1411	67	Nim	10	
KSINMUL	puo	lie	1411	67	em	10	
KHASI	kha	lie	1411	67	sh~aniah	11	
MUNDARI	unr	lie	1411	67	giti7	7	
JEH	jeh	sit	1416	68	sinan	1	
CHRAU	crw	sit	1416	68	gu7	2	
VIETNAMESE	vie	sit	1416	68	Noi	3	
RUC	scb	sit	1416	68	Noy	3	
MON	mnw	sit	1416	68	gaZa7	4	
NYAKUR	cbn	sit	1416	68	th~oN	5	
KHMER	khm	sit	1416	68	3Nguy	3	
SEMAI	sea	sit	1416	68	g3y	3	
WA	wbm	sit	1416	68	Nom	6	
DEANG	pce	sit	1416	68	Noi	3	
KHMU	kjg	sit	1416	68	ten	7	also: tan
KSINMUL	puo	sit	1416	68	kli3n	8	
KHASI	kha	sit	1416	68	sh~oN	9	
MUNDARI	unr	sit	1416	68	dub	10	
BAHNAR	bdq	stand	1442	69	doN	1	
VIETNAMESE	vie	stand	1442	69	duN Zay	1	
RUC	scb	stand	1442	69	taN	1	
MON	mnw	stand	1442	69	tuiw	2	
NYAKUR	cbn	stand	1442	69	y3n	3	
KHMER	khm	stand	1442	69	Zh~ar	4	
KUI_THAILAND	kdt	stand	1442	69	tey3N	3	
SEMAI	sea	stand	1442	69	Zi5Z3k	3	
WA	wbm	stand	1442	69	CuN	5	
DEANG	pce	stand	1442	69	ZaN	3	
KHMU	kjg	stand	1442	69	t3n	1	
KSINMUL	puo	stand	1442	69	Cal	6	
KHASI	kha	stand	1442	69	ieN	3	
MUNDARI	unr	stand	1442	69	tiNgu	1	
JEH	jeh	give	1447	70	doh	1	
BAHNAR	bdq	give	1447	70	an	2	
CHRAU	crw	give	1447	70	an	2	also: iun
VIETNAMESE	vie	give	1447	70	to	3	
MON	mnw	give	1447	70	kuiw	4	
NYAKUR	cbn	give	1447	70	kul	4	
KHMER	khm	give	1447	70	oy	10	
KUI_THAILAND	kdt	give	1447	70	an	2	
SEMAI	sea	give	1447	70	ok	5	
WA	wbm	give	1447	70	to7	6	
DEANG	pce	give	1447	70	don	9	
KHMU	kjg	give	1447	70	un	2	
KSINMUL	puo	give	1447	70	mah	7	
MUNDARI	unr	give	1447	70	om	8	
JEH	jeh	speak	1623	71	t3tah	1	
BAHNAR	bdq	speak	1623	71	p3ma	2	
CHRAU	crw	speak	1623	71	pa5	3	
VIETNAMESE	vie	speak	1623	71	raN	1	
RUC	scb	speak	1623	71	Col	4	
MON	mnw	speak	1623	71	huim	5	
NYAKUR	cbn	speak	1623	71	ph~ut	7	
KHMER	khm	speak	1623	71	sr3ti	6	
SEMAI	sea	speak	1623	71	pder	1	
WA	wbm	speak	1623	71	krai	8	
DEANG	pce	speak	1623	71	grai	8	
KHMU	kjg	speak	1623	71	lo	9	
KSINMUL	puo	speak	1623	71	waw	10	
KHASI	kha	speak	1623	71	oN	11	
MUNDARI	unr	speak	1623	71	men	12	
JEH	jeh	sun	1343	72	matNay	1	
BAHNAR	bdq	sun	1343	72	nar	2	
CHRAU	crw	sun	1343	72	mat nar	2	
VIETNAMESE	vie	sun	1343	72	mat Coi	3	
RUC	scb	sun	1343	72	m3tpl3y	3	
MON	mnw	sun	1343	72	tNay	1	
NYAKUR	cbn	sun	1343	72	ha*y	1	
KHMER	khm	sun	1343	72	th~3Nay	1	
KUI_THAILAND	kdt	sun	1343	72	m3niaN	4	
SEMAI	sea	sun	1343	72	matZis	5	
WA	wbm	sun	1343	72	siNai7	1	
DEANG	pce	sun	1343	72	sNoi	1	
KHMU	kjg	sun	1343	72	matpri	3	
KSINMUL	puo	sun	1343	72	C3lNe	1	
KHASI	kha	sun	1343	72	sNi	1	
MUNDARI	unr	sun	1343	72	siNgi	1	
JEH	jeh	moon	1313	73	kh~ei	1	
BAHNAR	bdq	moon	1313	73	kh~ei	1	
CHRAU	crw	moon	1313	73	kh~ay	1	
VIETNAMESE	vie	moon	1313	73	CaN	2	
RUC	scb	moon	1313	73	pulean	-1	
MON	mnw	moon	1313	73	gatu	3	
NYAKUR	cbn	moon	1313	73	ntu7	3	
KHMER	khm	moon	1313	73	kh~E	1	
KUI_THAILAND	kdt	moon	1313	73	mph$riaNsai	2	
SEMAI	sea	moon	1313	73	gCE7	1	
WA	wbm	moon	1313	73	kh~i7	1	
DEANG	pce	moon	1313	73	plaN kiar	2	
KHMU	kjg	moon	1313	73	moN	5	
KSINMUL	puo	moon	1313	73	blah	6	
KHASI	kha	moon	1313	73	binai	7	
MUNDARI	unr	moon	1313	73	Cand~u7	-2	
JEH	jeh	star	1430	74	hloN	1	
BAHNAR	bdq	star	1430	74	s3NloN	1	
CHRAU	crw	star	1430	74	sima5	2	
VIETNAMESE	vie	star	1430	74	Noi sao	-1	
RUC	scb	star	1430	74	kumi5	2	
MON	mnw	star	1430	74	saman	2	
NYAKUR	cbn	star	1430	74	p3kay	-3	
KHMER	khm	star	1430	74	ph~3kay	3	
KUI_THAILAND	kdt	star	1430	74	ntar	4	
SEMAI	sea	star	1430	74	prloy	5	
WA	wbm	star	1430	74	sim7~uiN	2	
DEANG	pce	star	1430	74	sman	2	
KHMU	kjg	star	1430	74	s3rmin	2	
KSINMUL	puo	star	1430	74	m35	2	
KHASI	kha	star	1430	74	kh~lur	5	
MUNDARI	unr	star	1430	74	ipil	6	
JEH	jeh	water	948	75	dak	1	
BAHNAR	bdq	water	948	75	dak	1	
CHRAU	crw	water	948	75	da7	1	
VIETNAMESE	vie	water	948	75	nuok	1	
RUC	scb	water	948	75	da7	1	
MON	mnw	water	948	75	dak	1	
NYAKUR	cbn	water	948	75	dak	1	
KHMER	khm	water	948	75	d3k	1	
KUI_THAILAND	kdt	water	948	75	dia7	1	
SEMAI	sea	water	948	75	tew	2	
WA	wbm	water	948	75	rom	3	
DEANG	pce	water	948	75	om	3	
KHMU	kjg	water	948	75	om	3	
KSINMUL	puo	water	948	75	hot	4	
KHASI	kha	water	948	75	um	3	
MUNDARI	unr	water	948	75	da7	1	
JEH	jeh	rain	658	76	mriah	1	
BAHNAR	bdq	rain	658	76	mi	2	
CHRAU	crw	rain	658	76	mi	2	
VIETNAMESE	vie	rain	658	76	mua	2	
RUC	scb	rain	658	76	kum3a	2	
MON	mnw	rain	658	76	bray	1	
NYAKUR	cbn	rain	658	76	ph~rEy	1	
KHMER	khm	rain	658	76	bh~li3N	3	
KUI_THAILAND	kdt	rain	658	76	m3mia	2	
SEMAI	sea	rain	658	76	mani7	4	
WA	wbm	rain	658	76	lh~E7	5	
DEANG	pce	rain	658	76	klai	6	
KHMU	kjg	rain	658	76	k3ma	2	
KSINMUL	puo	rain	658	76	3m3	2	
KHASI	kha	rain	658	76	slap	7	
MUNDARI	unr	rain	658	76	gama	2	
JEH	jeh	stone	857	77	t3mou	1	
BAHNAR	bdq	stone	857	77	t3mo	1	
CHRAU	crw	stone	857	77	tamo	1	
VIETNAMESE	vie	stone	857	77	da	2	
RUC	scb	stone	857	77	lata	2	
MON	mnw	stone	857	77	tmo7	1	
NYAKUR	cbn	stone	857	77	hmo7	1	
KHMER	khm	stone	857	77	th~3mo	1	
KUI_THAILAND	kdt	stone	857	77	t3mau	1	
SEMAI	sea	stone	857	77	batu7	-1	
WA	wbm	stone	857	77	si mau7	1	
DEANG	pce	stone	857	77	mau	1	
KHMU	kjg	stone	857	77	klaN	3	
KSINMUL	puo	stone	857	77	3li3N	3	
KHASI	kha	stone	857	77	maw	1	
MUNDARI	unr	stone	857	77	diri	4	
JEH	jeh	sand	671	78	Coih	1	
BAHNAR	bdq	sand	671	78	Cu3h	1	
CHRAU	crw	sand	671	78	Cw~oh	1	
VIETNAMESE	vie	sand	671	78	kat	2	
RUC	scb	sand	671	78	t3kaC	2	
MON	mnw	sand	671	78	bti	3	
NYAKUR	cbn	sand	671	78	nt3l	3	
KHMER	khm	sand	671	78	kh~3saC	2	
KUI_THAILAND	kdt	sand	671	78	skaC	-1	
SEMAI	sea	sand	671	78	pasir	-2	
WA	wbm	sand	671	78	mh~aik	2	
DEANG	pce	sand	671	78	kh~ai7	2	
KHMU	kjg	sand	671	78	Cr~es	4	
KSINMUL	puo	sand	671	78	diNsay	-3	
KHASI	kha	sand	671	78	sh~iap	5	
MUNDARI	unr	sand	671	78	gitil	3	
JEH	jeh	earth	1228	79	neh	2	
BAHNAR	bdq	earth	1228	79	tEh	1	
CHRAU	crw	earth	1228	79	nteh	1	
VIETNAMESE	vie	earth	1228	79	dat	1	
RUC	scb	earth	1228	79	b3n	-1	
MON	mnw	earth	1228	79	ti	1	
NYAKUR	cbn	earth	1228	79	ti7	1	
KHMER	khm	earth	1228	79	ti	1	
KUI_THAILAND	kdt	earth	1228	79	k3tE7	1	
SEMAI	sea	earth	1228	79	te7	1	
WA	wbm	earth	1228	79	tE7	1	
DEANG	pce	earth	1228	79	"k""tai"	1	
KHMU	kjg	earth	1228	79	p3te	1	
KSINMUL	puo	earth	1228	79	k3te	1	
KHASI	kha	earth	1228	79	pirth~ei	1	
MUNDARI	unr	earth	1228	79	ote	1	
JEH	jeh	cloud	1489	80	k3sok	1	
BAHNAR	bdq	cloud	1489	80	h3m3l	2	
CHRAU	crw	cloud	1489	80	tu7	3	
VIETNAMESE	vie	cloud	1489	80	maj	2	
RUC	scb	cloud	1489	80	m3l	2	
MON	mnw	cloud	1489	80	matbrai	4	
NYAKUR	cbn	cloud	1489	80	mok	5	
KHMER	khm	cloud	1489	80	b3bok	5	
KUI_THAILAND	kdt	cloud	1489	80	hl3t	6	
SEMAI	sea	cloud	1489	80	sagup	-1	
WA	wbm	cloud	1489	80	pai7om	7	
DEANG	pce	cloud	1489	80	nh7$ut	8	
KHMU	kjg	cloud	1489	80	put	8	
KSINMUL	puo	cloud	1489	80	mok	5	
KHASI	kha	cloud	1489	80	"ly""~oh"	9	
MUNDARI	unr	cloud	1489	80	rimil	2	
JEH	jeh	smoke	778	81	hnuai	1	
BAHNAR	bdq	smoke	778	81	5ui	1	
CHRAU	crw	smoke	778	81	5u7	2	
VIETNAMESE	vie	smoke	778	81	kx~oi	1	
RUC	scb	smoke	778	81	kahoy	1	
MON	mnw	smoke	778	81	yak	2	
NYAKUR	cbn	smoke	778	81	yak	2	
KHMER	khm	smoke	778	81	ph~3sEN	3	
KUI_THAILAND	kdt	smoke	778	81	mp~i7	4	
SEMAI	sea	smoke	778	81	Cul	5	
WA	wbm	smoke	778	81	tau7	6	
DEANG	pce	smoke	778	81	to7	6	
KHMU	kjg	smoke	778	81	p3t3	6	
KSINMUL	puo	smoke	778	81	p3tow	6	
KHASI	kha	smoke	778	81	nd~em	7	
MUNDARI	unr	smoke	778	81	sukul	8	
JEH	jeh	fire	221	82	on	1	
BAHNAR	bdq	fire	221	82	u5	1	
CHRAU	crw	fire	221	82	u5	1	
VIETNAMESE	vie	fire	221	82	lua	2	
RUC	scb	fire	221	82	kurh~	3	
MON	mnw	fire	221	82	pamat	4	
NYAKUR	cbn	fire	221	82	k3mat	4	
KHMER	khm	fire	221	82	bh~la3N	5	
KUI_THAILAND	kdt	fire	221	82	uh	1	
SEMAI	sea	fire	221	82	os	1	
WA	wbm	fire	221	82	Nu	7	
DEANG	pce	fire	221	82	Nar	7	
KHMU	kjg	fire	221	82	p3rl3a	2	
KSINMUL	puo	fire	221	82	h3goN	8	
KHASI	kha	fire	221	82	diN	9	
MUNDARI	unr	fire	221	82	seNgel	10	
JEH	jeh	ashes	646	83	luN lok	1	
BAHNAR	bdq	ashes	646	83	h3yok	9	
CHRAU	crw	ashes	646	83	vuh	3	
VIETNAMESE	vie	ashes	646	83	Co	10	
RUC	scb	ashes	646	83	t3pEh	3	
MON	mnw	ashes	646	83	pateN	2	
NYAKUR	cbn	ashes	646	83	p3ti5	2	
KHMER	khm	ashes	646	83	ph~Eh	3	
KUI_THAILAND	kdt	ashes	646	83	ph~a7	4	
SEMAI	sea	ashes	646	83	gNh3l	11	
WA	wbm	ashes	646	83	5au7	5	
DEANG	pce	ashes	646	83	"k""faN"	6	
KHMU	kjg	ashes	646	83	poh	3	
KSINMUL	puo	ashes	646	83	3boh	3	
KHASI	kha	ashes	646	83	dipei	3	
MUNDARI	unr	ashes	646	83	toroe7	8	
CHRAU	crw	burn	2102	84	Nit	1	
VIETNAMESE	vie	burn	2102	84	tay	-2	
RUC	scb	burn	2102	84	takat	3	
MON	mnw	burn	2102	84	tau	4	
NYAKUR	cbn	burn	2102	84	kh~lak	5	
KHMER	khm	burn	2102	84	tut	2	
KUI_THAILAND	kdt	burn	2102	84	CaN	9	
WA	wbm	burn	2102	84	k3ik	10	
KHMU	kjg	burn	2102	84	pok	6	
KHASI	kha	burn	2102	84	iN	7	
MUNDARI	unr	burn	2102	84	ro	8	
JEH	jeh	road (path)	667	85	traN	1	
BAHNAR	bdq	road (path)	667	85	troN	1	
CHRAU	crw	road (path)	667	85	tr~oN	1	
VIETNAMESE	vie	road (path)	667	85	duoN	1	
RUC	scb	road (path)	667	85	t3aNti	-1	
MON	mnw	road (path)	667	85	traw	2	
NYAKUR	cbn	road (path)	667	85	trew	2	
KHMER	khm	road (path)	667	85	Z3luw th~3nal	2	
KUI_THAILAND	kdt	road (path)	667	85	k3na	4	
SEMAI	sea	road (path)	667	85	nuN	5	
WA	wbm	road (path)	667	85	kra7	6	
DEANG	pce	road (path)	667	85	ndEN	3	
KHMU	kjg	road (path)	667	85	Nor	6	
KSINMUL	puo	road (path)	667	85	tum	8	
KHASI	kha	road (path)	667	85	surok	9	
MUNDARI	unr	road (path)	667	85	hora	5	
JEH	jeh	mountain	639	86	Nuk	1	
BAHNAR	bdq	mountain	639	86	koN	2	
CHRAU	crw	mountain	639	86	guN	2	
VIETNAMESE	vie	mountain	639	86	nui	3	
RUC	scb	mountain	639	86	C3t	4	
MON	mnw	mountain	639	86	duiw	3	
NYAKUR	cbn	mountain	639	86	kur	10	
KHMER	khm	mountain	639	86	bh~3nom	5	
KUI_THAILAND	kdt	mountain	639	86	bru	6	
SEMAI	sea	mountain	639	86	lot	7	
WA	wbm	mountain	639	86	goN	2	
DEANG	pce	mountain	639	86	svr	8	
KHMU	kjg	mountain	639	86	mok	11	
KSINMUL	puo	mountain	639	86	kh~egaN	2	
KHASI	kha	mountain	639	86	limbah	9	
MUNDARI	unr	mountain	639	86	buru	6	
JEH	jeh	red	156	87	dum	1	
BAHNAR	bdq	red	156	87	bre	1	
CHRAU	crw	red	156	87	prho	3	
VIETNAMESE	vie	red	156	87	do	4	
RUC	scb	red	156	87	to	4	
MON	mnw	red	156	87	bkat	5	
NYAKUR	cbn	red	156	87	ph~3l35	6	
KHMER	khm	red	156	87	kr3ham	7	
KUI_THAILAND	kdt	red	156	87	ksaw	8	
SEMAI	sea	red	156	87	rNa5	9	
WA	wbm	red	156	87	rauh	10	
DEANG	pce	red	156	87	r3N	6	
KHMU	kjg	red	156	87	yim	11	
KSINMUL	puo	red	156	87	k37et	12	
KHASI	kha	red	156	87	saw	8	
MUNDARI	unr	red	156	87	ara7	13	
JEH	jeh	green	1425	88	drih	1	
BAHNAR	bdq	green	1425	88	Z3k	2	
RUC	scb	green	1425	88	seN	-1	
MON	mnw	green	1425	88	saNeak	2	
NYAKUR	cbn	green	1425	88	l3Cok	3	
KHMER	khm	green	1425	88	paytaN	4	
WA	wbm	green	1425	88	klai	5	
DEANG	pce	green	1425	88	5iar	6	
KHMU	kjg	green	1425	88	C3Nar	6	
KSINMUL	puo	green	1425	88	le	5	
MUNDARI	unr	green	1425	88	gaded	8	
JEH	jeh	yellow	1424	89	driN	1	
BAHNAR	bdq	yellow	1424	89	dreN	1	
CHRAU	crw	yellow	1424	89	ramut	2	
VIETNAMESE	vie	yellow	1424	89	vaN	8	
RUC	scb	yellow	1424	89	vaN	8	
MON	mnw	yellow	1424	89	damit	2	
NYAKUR	cbn	yellow	1424	89	p3Cu5	3	
KHMER	khm	yellow	1424	89	l3N	9	
SEMAI	sea	yellow	1424	89	ph~ok	4	
WA	wbm	yellow	1424	89	lh~3N	9	
DEANG	pce	yellow	1424	89	t3N	5	
KHMU	kjg	yellow	1424	89	si l3N	9	
KSINMUL	puo	yellow	1424	89	l3N	9	
KHASI	kha	yellow	1424	89	stem	6	
MUNDARI	unr	yellow	1424	89	sa saN	7	
JEH	jeh	white	1335	90	t3bok	1	
BAHNAR	bdq	white	1335	90	kok	9	
CHRAU	crw	white	1335	90	vo7	1	also: kanaN
VIETNAMESE	vie	white	1335	90	CaN	2	
RUC	scb	white	1335	90	t3kal	3	
MON	mnw	white	1335	90	bu	10	
NYAKUR	cbn	white	1335	90	Ch~uN	4	
KHMER	khm	white	1335	90	so	5	
KUI_THAILAND	kdt	white	1335	90	bua7	1	
SEMAI	sea	white	1335	90	by~Ek	6	
WA	wbm	white	1335	90	paiN	11	
DEANG	pce	white	1335	90	blo7	6	
KHMU	kjg	white	1335	90	klok	6	
KSINMUL	puo	white	1335	90	lu3k	6	
KHASI	kha	white	1335	90	lih	7	
MUNDARI	unr	white	1335	90	pund~i	-8	
JEH	jeh	black	163	91	5uN	1	
BAHNAR	bdq	black	163	91	gam	2	
CHRAU	crw	black	163	91	ju7	3	also: sindoC
VIETNAMESE	vie	black	163	91	den	4	
RUC	scb	black	163	91	tEntEn	4	
MON	mnw	black	163	91	l3mCok	5	
NYAKUR	cbn	black	163	91	ph~li3t	6	
KHMER	khm	black	163	91	kh~3maw	7	
KUI_THAILAND	kdt	black	163	91	tw~E5	8	
SEMAI	sea	black	163	91	bl7$ak	9	
WA	wbm	black	163	91	luN	10	
DEANG	pce	black	163	91	vaN	8	
KHMU	kjg	black	163	91	h3aN	1	
KSINMUL	puo	black	163	91	oC	9	
KHASI	kha	black	163	91	ioN	10	
MUNDARI	unr	black	163	91	hend~e	11	
JEH	jeh	night	1233	92	maN	1	
BAHNAR	bdq	night	1233	92	maN	1	
CHRAU	crw	night	1233	92	maN	1	also: naN
VIETNAMESE	vie	night	1233	92	dem	2	
RUC	scb	night	1233	92	l3m	-3	
MON	mnw	night	1233	92	btam	2	
NYAKUR	cbn	night	1233	92	p3tam	2	
KHMER	khm	night	1233	92	yop	4	
KUI_THAILAND	kdt	night	1233	92	kh~riau	5	
SEMAI	sea	night	1233	92	t3pm~	2	
WA	wbm	night	1233	92	pomsom	6	
DEANG	pce	night	1233	92	s3m	7	
KHMU	kjg	night	1233	92	p3s3am	6	
KSINMUL	puo	night	1233	92	p3t	8	
KHASI	kha	night	1233	92	miet	8	
MUNDARI	unr	night	1233	92	nida	-9	
VIETNAMESE	vie	warm	1232	93	noN	1	
RUC	scb	warm	1232	93	t3l	2	
MON	mnw	warm	1232	93	guim	3	
NYAKUR	cbn	warm	1232	93	r37u5	4	
KHMER	khm	warm	1232	93	k3daw	5	
DEANG	pce	warm	1232	93	un	6	
KHMU	kjg	warm	1232	93	N3k3m	3	
KSINMUL	puo	warm	1232	93	g3m	3	
MUNDARI	unr	warm	1232	93	lolo	7	
JEH	jeh	cold	1287	94	r3teh	1	
BAHNAR	bdq	cold	1287	94	t3Niet	2	
CHRAU	crw	cold	1287	94	takat	3	
VIETNAMESE	vie	cold	1287	94	la5	-1	
RUC	scb	cold	1287	94	lubat	4	
MON	mnw	cold	1287	94	goak	5	
NYAKUR	cbn	cold	1287	94	t3kat	3	
KHMER	khm	cold	1287	94	tr~3Zak	6	
KUI_THAILAND	kdt	cold	1287	94	CNEt	2	
SEMAI	sea	cold	1287	94	sNEC	2	
WA	wbm	cold	1287	94	kuat	3	
DEANG	pce	cold	1287	94	kat	3	
KHMU	kjg	cold	1287	94	Nar	7	
KSINMUL	puo	cold	1287	94	kh~reat	3	
KHASI	kha	cold	1287	94	khr$eat	8	
MUNDARI	unr	cold	1287	94	tutukan	9	
JEH	jeh	full	1429	95	biN	1	
BAHNAR	bdq	full	1429	95	be4	1	
CHRAU	crw	full	1429	95	ve5	1	
VIETNAMESE	vie	full	1429	95	day	2	
RUC	scb	full	1429	95	blam	3	
MON	mnw	full	1429	95	peN	1	
NYAKUR	cbn	full	1429	95	pi4	1	
KHMER	khm	full	1429	95	b3n	1	
SEMAI	sea	full	1429	95	t3bek	1	
WA	wbm	full	1429	95	nauk	5	
DEANG	pce	full	1429	95	no7	5	
KHMU	kjg	full	1429	95	kin	6	
KSINMUL	puo	full	1429	95	ki5	6	
KHASI	kha	full	1429	95	dap	7	
MUNDARI	unr	full	1429	95	pura	-1	
JEH	jeh	new	1231	96	nao	1	
BAHNAR	bdq	new	1231	96	hlE	2	
CHRAU	crw	new	1231	96	me	3	
VIETNAMESE	vie	new	1231	96	moi	3	
RUC	scb	new	1231	96	b3y	4	
MON	mnw	new	1231	96	tami	3	
NYAKUR	cbn	new	1231	96	t3mi7	3	
KHMER	khm	new	1231	96	th~mi	3	
KUI_THAILAND	kdt	new	1231	96	tmai	3	
SEMAI	sea	new	1231	96	pay	4	
WA	wbm	new	1231	96	kh~rau7	5	
DEANG	pce	new	1231	96	kmai	3	
KHMU	kjg	new	1231	96	h3nme	3	
KSINMUL	puo	new	1231	96	h3me	3	
KHASI	kha	new	1231	96	th~immai	3	
MUNDARI	unr	new	1231	96	nawa	-6	
JEH	jeh	good	1035	97	liam	1	
BAHNAR	bdq	good	1035	97	liEm	1	
CHRAU	crw	good	1035	97	yah	2	
VIETNAMESE	vie	good	1035	97	tot	3	
RUC	scb	good	1035	97	yah	14	
MON	mnw	good	1035	97	kh~uih	4	
NYAKUR	cbn	good	1035	97	hnap	5	
KHMER	khm	good	1035	97	l37o	6	
SEMAI	sea	good	1035	97	bor	7	
WA	wbm	good	1035	97	mh~3m	8	
DEANG	pce	good	1035	97	mh~3m	9	
KHMU	kjg	good	1035	97	l3	10	
KSINMUL	puo	good	1035	97	tuh	11	
KHASI	kha	good	1035	97	babha	12	
MUNDARI	unr	good	1035	97	bugi	13	
BAHNAR	bdq	round	1395	98	h3pom	1	
RUC	scb	round	1395	98	klon	2	
MON	mnw	round	1395	98	kh~dom	1	
NYAKUR	cbn	round	1395	98	k3lpum	1	
KHMER	khm	round	1395	98	mul	3	
KUI_THAILAND	kdt	round	1395	98	dul	4	
WA	wbm	round	1395	98	lomle	5	
KHMU	kjg	round	1395	98	mon	3	
KSINMUL	puo	round	1395	98	mon	3	
KHASI	kha	round	1395	98	pillun	2	
MUNDARI	unr	round	1395	98	gol	-6	
JEH	jeh	dry	1398	99	raN	1	
BAHNAR	bdq	dry	1398	99	hreN	1	
CHRAU	crw	dry	1398	99	sah	1	also: ra5
VIETNAMESE	vie	dry	1398	99	kx~o	-1	
RUC	scb	dry	1398	99	kh~o	-1	
MON	mnw	dry	1398	99	s3mkah	4	
NYAKUR	cbn	dry	1398	99	C3kas	4	
KHMER	khm	dry	1398	99	sNu3t	5	
KUI_THAILAND	kdt	dry	1398	99	s7at	6	
SEMAI	sea	dry	1398	99	hoC	7	
WA	wbm	dry	1398	99	kroh	2	
KHMU	kjg	dry	1398	99	ras	2	
KHASI	kha	dry	1398	99	rikh~iaN	8	
MUNDARI	unr	dry	1398	99	roro	2	
JEH	jeh	name	1405	100	t3li7	1	
BAHNAR	bdq	name	1405	100	anan	-1	
CHRAU	crw	name	1405	100	sa7	2	
VIETNAMESE	vie	name	1405	100	ten	3	
RUC	scb	name	1405	100	ten	-3	
MON	mnw	name	1405	100	imu	-2	also: yamu
KHMER	khm	name	1405	100	Zh~3maoh	4	
KUI_THAILAND	kdt	name	1405	100	m3h	4	
SEMAI	sea	name	1405	100	muh	4	
WA	wbm	name	1405	100	ka37	5	
DEANG	pce	name	1405	100	C3	-6	
KHMU	kjg	name	1405	100	C3	-6	
KHASI	kha	name	1405	100	kirteN	3	
MUNDARI	unr	name	1405	100	nutum	7	also: num
